make,year,vehicle_numbers,vehicle_percentage_of_total
FORD,2018,5490029,13.95%
FORD,2019,5481998,13.74%
FORD,2020,5406876,13.58%
FORD,2021,5376802,13.35%
FORD,2022,5360534,13.17%
VAUXHALL,2018,3867962,9.83%
VAUXHALL,2019,3771072,9.45%
VAUXHALL,2020,3630999,9.12%
VOLKSWAGEN,2022,3535652,8.69%
VAUXHALL,2021,3520006,8.74%
VOLKSWAGEN,2021,3496011,8.68%
VOLKSWAGEN,2020,3444251,8.65%
VOLKSWAGEN,2019,3423823,8.58%
VAUXHALL,2022,3422151,8.41%
VOLKSWAGEN,2018,3352386,8.52%
MERCEDES,2022,2169621,5.33%
MERCEDES,2021,2143741,5.32%
BMW,2022,2116707,5.20%
MERCEDES,2020,2083868,5.24%
BMW,2021,2074709,5.15%
MERCEDES,2019,2042633,5.12%
BMW,2020,2024142,5.09%
BMW,2019,1996764,5.01%
MERCEDES,2018,1944599,4.94%
BMW,2018,1921679,4.88%
AUDI,2022,1913015,4.70%
AUDI,2021,1854173,4.60%
PEUGEOT,2018,1827200,4.64%
TOYOTA,2022,1819777,4.47%
PEUGEOT,2019,1798209,4.51%
NISSAN,2022,1791529,4.40%
AUDI,2020,1789904,4.50%
TOYOTA,2021,1763052,4.38%
NISSAN,2021,1760031,4.37%
AUDI,2019,1755808,4.40%
PEUGEOT,2020,1752528,4.40%
NISSAN,2020,1731174,4.35%
PEUGEOT,2021,1731065,4.30%
NISSAN,2019,1723763,4.32%
TOYOTA,2020,1713203,4.30%
PEUGEOT,2022,1711378,4.21%
TOYOTA,2019,1701018,4.26%
NISSAN,2018,1693884,4.30%
AUDI,2018,1693617,4.30%
TOYOTA,2018,1668375,4.24%
RENAULT,2018,1380945,3.51%
HONDA,2018,1350827,3.43%
HONDA,2019,1340301,3.36%
RENAULT,2019,1327463,3.33%
HONDA,2020,1312747,3.30%
CITROEN,2018,1304937,3.32%
HONDA,2021,1296445,3.22%
CITROEN,2019,1286273,3.22%
HONDA,2022,1282472,3.15%
RENAULT,2020,1269192,3.19%
CITROEN,2020,1252204,3.15%
CITROEN,2021,1232974,3.06%
RENAULT,2021,1227501,3.05%
CITROEN,2022,1215163,2.99%
RENAULT,2022,1203046,2.96%
KIA,2022,1055441,2.59%
HYUNDAI,2022,1019976,2.51%
KIA,2021,980045,2.43%
HYUNDAI,2021,964774,2.40%
HYUNDAI,2020,913166,2.29%
KIA,2020,910184,2.29%
HYUNDAI,2019,898802,2.25%
FIAT,2018,888803,2.26%
FIAT,2019,882514,2.21%
SKODA,2022,874585,2.15%
KIA,2019,869165,2.18%
MINI,2022,866105,2.13%
FIAT,2021,864602,2.15%
FIAT,2020,863449,2.17%
FIAT,2022,856864,2.11%
HYUNDAI,2018,852076,2.16%
SKODA,2021,847670,2.10%
MINI,2021,841065,2.09%
MINI,2020,818093,2.06%
SKODA,2020,813380,2.04%
KIA,2018,796783,2.02%
MINI,2019,796068,2.00%
SKODA,2019,789206,1.98%
MINI,2018,749870,1.90%
SKODA,2018,747328,1.90%
LAND ROVER,2022,741605,1.82%
LAND ROVER,2021,733840,1.82%
VOLVO,2022,730284,1.79%
LAND ROVER,2020,713931,1.79%
VOLVO,2021,712228,1.77%
LAND ROVER,2019,700392,1.76%
VOLVO,2020,685040,1.72%
LAND ROVER,2018,680719,1.73%
VOLVO,2019,670427,1.68%
VOLVO,2018,644722,1.64%
SEAT,2022,631686,1.55%
SEAT,2021,630695,1.57%
SEAT,2020,609408,1.53%
SEAT,2019,595167,1.49%
SUZUKI,2019,590818,1.48%
SUZUKI,2021,589188,1.46%
SUZUKI,2022,587938,1.44%
SUZUKI,2020,587782,1.48%
SUZUKI,2018,583193,1.48%
MAZDA,2019,582397,1.46%
MAZDA,2022,576493,1.42%
MAZDA,2018,576248,1.46%
MAZDA,2021,574629,1.43%
MAZDA,2020,573628,1.44%
SEAT,2018,555540,1.41%
JAGUAR,2021,384453,0.95%
JAGUAR,2022,382113,0.94%
JAGUAR,2020,381726,0.96%
JAGUAR,2019,376419,0.94%
JAGUAR,2018,361276,0.92%
MITSUBISHI,2019,356385,0.89%
MITSUBISHI,2018,355058,0.90%
MITSUBISHI,2020,350305,0.88%
MITSUBISHI,2021,340333,0.85%
MITSUBISHI,2022,319601,0.79%
RANGE ROVER,2022,300573,0.74%
RANGE ROVER,2021,299277,0.74%
RANGE ROVER,2020,294615,0.74%
RANGE ROVER,2019,281781,0.71%
OTHER BRITISH,2022,273613,0.67%
OTHER BRITISH,2018,272975,0.69%
OTHER BRITISH,2021,271010,0.67%
OTHER BRITISH,2019,268708,0.67%
OTHER BRITISH,2020,266524,0.67%
RANGE ROVER,2018,262157,0.67%
DACIA,2022,222890,0.55%
DACIA,2021,198034,0.49%
MG,2022,195864,0.48%
PORSCHE,2022,185989,0.46%
DACIA,2020,181516,0.46%
LEXUS,2022,179888,0.44%
LEXUS,2021,175905,0.44%
YAMAHA,2022,174869,0.43%
PORSCHE,2021,173525,0.43%
YAMAHA,2021,173517,0.43%
YAMAHA,2018,169319,0.43%
YAMAHA,2020,168879,0.42%
LEXUS,2020,167475,0.42%
YAMAHA,2019,167093,0.42%
DACIA,2019,165802,0.42%
PORSCHE,2020,163583,0.41%
LEXUS,2019,162409,0.41%
LEXUS,2018,156153,0.40%
PORSCHE,2019,155765,0.39%
TRIUMPH,2022,155178,0.38%
TRIUMPH,2021,150921,0.37%
MG,2021,150087,0.37%
PORSCHE,2018,145638,0.37%
TRIUMPH,2020,142859,0.36%
TRIUMPH,2019,140280,0.35%
DAF TRUCKS,2022,140141,0.34%
DACIA,2018,136671,0.35%
DAF TRUCKS,2021,136130,0.34%
TRIUMPH,2018,135118,0.34%
TESLA,2022,134888,0.33%
DAF TRUCKS,2019,132212,0.33%
DAF TRUCKS,2020,130690,0.33%
DAF TRUCKS,2018,129530,0.33%
MG,2020,120929,0.30%
MG,2019,106961,0.27%
SAAB,2018,106512,0.27%
CHEVROLET,2018,103466,0.26%
MG,2018,98477,0.25%
SMART,2019,97212,0.24%
KAWASAKI,2021,96575,0.24%
KAWASAKI,2022,96425,0.24%
SMART,2018,96027,0.24%
CHEVROLET,2019,94638,0.24%
SMART,2020,94595,0.24%
KAWASAKI,2020,94248,0.24%
SMART,2021,93452,0.23%
KAWASAKI,2019,93090,0.23%
SMART,2022,92510,0.23%
KAWASAKI,2018,91709,0.23%
SAAB,2019,91651,0.23%
IVECO,2018,91517,0.23%
IVECO,2022,89653,0.22%
ALFA ROMEO,2018,88852,0.23%
IVECO,2019,88731,0.22%
IVECO,2021,88680,0.22%
ALFA ROMEO,2019,86502,0.22%
CHEVROLET,2020,86273,0.22%
IVECO,2020,85306,0.21%
JEEP,2021,84672,0.21%
JEEP,2019,84219,0.21%
JEEP,2020,84206,0.21%
ROVER,2018,83938,0.21%
JEEP,2018,83482,0.21%
ALFA ROMEO,2020,83252,0.21%
TESLA,2021,82801,0.21%
JEEP,2022,82619,0.20%
JOHN DEERE,2022,82001,0.20%
MASSEY FERGUSON,2022,81461,0.20%
ALFA ROMEO,2021,81243,0.20%
MASSEY FERGUSON,2021,81223,0.20%
JOHN DEERE,2021,80658,0.20%
MASSEY FERGUSON,2020,80483,0.20%
MASSEY FERGUSON,2019,79938,0.20%
SAAB,2020,79560,0.20%
MASSEY FERGUSON,2018,79031,0.20%
ALFA ROMEO,2022,78611,0.19%
JOHN DEERE,2020,78478,0.20%
CHEVROLET,2021,77596,0.19%
JOHN DEERE,2019,77434,0.19%
JOHN DEERE,2018,75697,0.19%
SCANIA,2022,72951,0.18%
SUBARU,2018,72714,0.18%
SCANIA,2021,72206,0.18%
JCB,2022,72068,0.18%
CHEVROLET,2022,70286,0.17%
JCB,2021,70243,0.17%
SCANIA,2020,69908,0.18%
SUBARU,2019,69763,0.17%
SCANIA,2019,69696,0.17%
SAAB,2021,68699,0.17%
JCB,2019,68541,0.17%
ROVER,2019,67770,0.17%
SCANIA,2018,67665,0.17%
JCB,2020,67191,0.17%
JCB,2018,66581,0.17%
SUBARU,2020,66349,0.17%
SUBARU,2021,64618,0.16%
SUBARU,2022,61591,0.15%
SAAB,2022,59819,0.15%
ISUZU,2022,56658,0.14%
ROVER,2020,55740,0.14%
ISUZU,2021,55212,0.14%
HARLEY-DAVIDSON,2022,54864,0.13%
HARLEY-DAVIDSON,2021,54411,0.14%
HARLEY-DAVIDSON,2019,54219,0.14%
ISUZU,2020,53688,0.13%
HARLEY-DAVIDSON,2020,53431,0.13%
HARLEY-DAVIDSON,2018,53085,0.13%
MAN,2022,52931,0.13%
ISUZU,2019,52802,0.13%
PIAGGIO,2018,52714,0.13%
ISUZU,2018,51278,0.13%
MAN,2021,51147,0.13%
PIAGGIO,2019,49794,0.12%
TESLA,2020,48821,0.12%
PIAGGIO,2020,48543,0.12%
DS,2022,48158,0.12%
PIAGGIO,2021,47287,0.12%
CHRYSLER,2018,47177,0.12%
ROVER,2021,47059,0.12%
MAN,2020,46691,0.12%
PIAGGIO,2022,46663,0.11%
MAN,2019,45129,0.11%
DS,2021,44677,0.11%
MAN,2018,44326,0.11%
NEW HOLLAND,2022,44268,0.11%
NEW HOLLAND,2021,43539,0.11%
NEW HOLLAND,2020,42068,0.11%
DS,2020,41844,0.11%
NEW HOLLAND,2019,41501,0.10%
CHRYSLER,2019,41260,0.10%
ROVER,2022,41193,0.10%
NEW HOLLAND,2018,40711,0.10%
DS,2019,40231,0.10%
KTM,2022,39526,0.10%
KTM,2021,38524,0.10%
KTM,2020,36621,0.09%
CHRYSLER,2020,36061,0.09%
DS,2018,35455,0.09%
RENAULT TRUCKS,2022,34385,0.08%
KTM,2019,32761,0.08%
AUSTIN,2019,32391,0.08%
AUSTIN,2022,32273,0.08%
AUSTIN,2021,32234,0.08%
AUSTIN,2018,32196,0.08%
AUSTIN,2020,31981,0.08%
CHRYSLER,2021,31641,0.08%
MORRIS,2022,31617,0.08%
MORRIS,2021,31466,0.08%
RENAULT TRUCKS,2021,31216,0.08%
MORRIS,2020,31135,0.08%
MORRIS,2019,30990,0.08%
DAIHATSU,2018,30939,0.08%
OTHER AGRIC/CONSTRUCTIONAL,2018,30584,0.08%
MORRIS,2018,30425,0.08%
KTM,2018,30341,0.08%
OTHER AGRIC/CONSTRUCTIONAL,2019,29920,0.08%
DUCATI,2022,29433,0.07%
BSA,2022,29324,0.07%
ABARTH,2022,29308,0.07%
BSA,2021,29122,0.07%
OTHER AGRIC/CONSTRUCTIONAL,2020,28997,0.07%
DUCATI,2021,28561,0.07%
BSA,2020,28545,0.07%
OTHER AGRIC/CONSTRUCTIONAL,2021,28540,0.07%
CASE IH,2022,28422,0.07%
CASE IH,2021,28138,0.07%
OTHER AGRIC/CONSTRUCTIONAL,2022,28081,0.07%
ABARTH,2021,28070,0.07%
BSA,2019,27899,0.07%
LEXMOTO,2021,27854,0.07%
CHRYSLER,2022,27764,0.07%
CASE IH,2020,27518,0.07%
RENAULT TRUCKS,2020,27482,0.07%
SSANGYONG,2022,27404,0.07%
CASE IH,2019,27286,0.07%
DAIHATSU,2019,27247,0.07%
DUCATI,2020,27187,0.07%
BSA,2018,27056,0.07%
LEXMOTO,2022,27055,0.07%
CASE IH,2018,26950,0.07%
DUCATI,2019,26815,0.07%
ABARTH,2020,26501,0.07%
LEXMOTO,2020,26489,0.07%
RENAULT TRUCKS,2019,26268,0.07%
BENTLEY,2022,26133,0.06%
DUCATI,2018,26028,0.07%
SSANGYONG,2021,25842,0.06%
BENTLEY,2021,25454,0.06%
BENTLEY,2019,25033,0.06%
RENAULT TRUCKS,2018,25022,0.06%
TESLA,2019,24893,0.06%
ABARTH,2019,24892,0.06%
LAMBRETTA,2022,24686,0.06%
BENTLEY,2020,24637,0.06%
LONDON TAXIS INT.,2018,24457,0.06%
SSANGYONG,2020,24327,0.06%
DAIHATSU,2020,24217,0.06%
LAMBRETTA,2021,24130,0.06%
BENTLEY,2018,24030,0.06%
SSANGYONG,2019,23351,0.06%
LAMBRETTA,2020,23025,0.06%
ABARTH,2018,22163,0.06%
ASTON MARTIN,2022,21803,0.05%
SSANGYONG,2018,21763,0.06%
CUPRA,2022,21710,0.05%
DAIHATSU,2021,21595,0.05%
LAMBRETTA,2019,21585,0.05%
ASTON MARTIN,2021,21329,0.05%
LEXMOTO,2019,21079,0.05%
LONDON TAXIS INT.,2019,20852,0.05%
LDV,2018,20800,0.05%
ASTON MARTIN,2019,20711,0.05%
KUBOTA,2022,20521,0.05%
ASTON MARTIN,2020,20507,0.05%
LAMBRETTA,2018,20187,0.05%
ASTON MARTIN,2018,19625,0.05%
KUBOTA,2021,19573,0.05%
LEXMOTO,2018,19552,0.05%
DAIHATSU,2022,19505,0.05%
KUBOTA,2020,18666,0.05%
KUBOTA,2019,17964,0.05%
LDV,2019,17929,0.04%
ROYAL ENFIELD,2022,17918,0.04%
ISUZU TRUCKS,2022,17262,0.04%
MANITOU,2022,17223,0.04%
KUBOTA,2018,16949,0.04%
MANITOU,2021,16359,0.04%
CLAAS,2022,16090,0.04%
CLAAS,2021,16011,0.04%
LDV,2020,16001,0.04%
APRILIA,2018,15902,0.04%
IVECO-FORD,2018,15762,0.04%
ISUZU TRUCKS,2021,15755,0.04%
APRILIA,2022,15750,0.04%
ALEXANDER DENNIS,2020,15662,0.04%
CLAAS,2020,15635,0.04%
CLAAS,2019,15570,0.04%
ALEXANDER DENNIS,2021,15565,0.04%
ALEXANDER DENNIS,2019,15458,0.04%
ALEXANDER DENNIS,2022,15440,0.04%
MANITOU,2020,15359,0.04%
MANITOU,2019,15295,0.04%
APRILIA,2019,15135,0.04%
OTHER ITALIAN,2018,15113,0.04%
APRILIA,2020,15041,0.04%
CLAAS,2018,14992,0.04%
MANITOU,2018,14850,0.04%
APRILIA,2021,14805,0.04%
ALEXANDER DENNIS,2018,14684,0.04%
OTHER ITALIAN,2019,14530,0.04%
LDV,2021,14314,0.04%
ISUZU TRUCKS,2020,14285,0.04%
LONDON TAXIS INT.,2020,14021,0.04%
ROYAL ENFIELD,2021,14003,0.03%
OTHER ITALIAN,2020,13861,0.03%
ISUZU TRUCKS,2019,13700,0.03%
IVECO-FORD,2019,13627,0.03%
OTHER ITALIAN,2021,13366,0.03%
ISUZU TRUCKS,2018,13102,0.03%
KYMCO,2020,13092,0.03%
OTHER ITALIAN,2022,13037,0.03%
LONDON TAXIS INT.,2021,12970,0.03%
DODGE,2018,12816,0.03%
FORDSON,2022,12608,0.03%
KYMCO,2022,12605,0.03%
KYMCO,2021,12567,0.03%
FERRARI,2022,12543,0.03%
LDV,2022,12510,0.03%
FORDSON,2021,12433,0.03%
FORDSON,2020,12392,0.03%
FORDSON,2019,12334,0.03%
TESLA,2018,12251,0.03%
POLESTAR,2022,12160,0.03%
FORDSON,2018,12151,0.03%
KYMCO,2019,12057,0.03%
KYMCO,2018,12047,0.03%
FERRARI,2021,12022,0.03%
DODGE,2019,12001,0.03%
DAEWOO,2018,11835,0.03%
MASERATI,2022,11450,0.03%
IVECO-FORD,2020,11431,0.03%
LOTUS,2019,11238,0.03%
LOTUS,2018,11194,0.03%
LONDON TAXIS INT.,2022,11169,0.03%
MASERATI,2021,11136,0.03%
FERRARI,2020,11129,0.03%
LOTUS,2021,11076,0.03%
DODGE,2020,11058,0.03%
LOTUS,2022,11051,0.03%
FORD NEW HOLLAND,2018,10957,0.03%
FERRARI,2019,10955,0.03%
DENNIS,2018,10875,0.03%
NORTON,2022,10800,0.03%
LOTUS,2020,10779,0.03%
NORTON,2021,10763,0.03%
FORD NEW HOLLAND,2019,10758,0.03%
ROYAL ENFIELD,2020,10729,0.03%
FORD NEW HOLLAND,2020,10630,0.03%
MASERATI,2020,10603,0.03%
MASERATI,2019,10595,0.03%
FORD NEW HOLLAND,2021,10580,0.03%
NORTON,2020,10513,0.03%
DAVID BROWN,2019,10456,0.03%
NORTON,2019,10435,0.03%
DAVID BROWN,2018,10417,0.03%
DODGE,2021,10390,0.03%
FORD NEW HOLLAND,2022,10374,0.03%
DAVID BROWN,2020,10368,0.03%
DAVID BROWN,2021,10354,0.03%
ROLLS ROYCE,2022,10348,0.03%
DAVID BROWN,2022,10334,0.03%
FERRARI,2018,10284,0.03%
INFINITI,2019,10237,0.03%
DENNIS,2019,10188,0.03%
IVECO-FORD,2021,10183,0.03%
MASERATI,2018,10157,0.03%
INFINITI,2020,10090,0.03%
NORTON,2018,10083,0.03%
INFINITI,2021,10068,0.02%
ROLLS ROYCE,2021,10064,0.02%
ROLLS ROYCE,2019,10012,0.03%
SYM,2021,9972,0.02%
SYM,2022,9955,0.02%
INFINITI,2022,9944,0.02%
INFINITI,2018,9920,0.03%
ROLLS ROYCE,2018,9719,0.02%
ROLLS ROYCE,2020,9705,0.02%
DENNIS,2020,9560,0.02%
DODGE,2022,9512,0.02%
SYM,2020,9398,0.02%
DENNIS,2021,9393,0.02%
AJS,2018,9281,0.02%
SYM,2018,9281,0.02%
AJS,2020,9272,0.02%
INT. HARVESTER,2018,9221,0.02%
DENNIS,2022,9208,0.02%
AJS,2019,9156,0.02%
INT. HARVESTER,2019,9140,0.02%
AJS,2021,9107,0.02%
POLARIS,2022,9088,0.02%
INT. HARVESTER,2020,9077,0.02%
INT. HARVESTER,2021,9019,0.02%
IVECO-FORD,2022,9010,0.02%
ROYAL ENFIELD,2019,9002,0.02%
INT. HARVESTER,2022,8975,0.02%
AJS,2022,8959,0.02%
SYM,2019,8915,0.02%
CATERPILLAR,2018,8376,0.02%
POLARIS,2021,8296,0.02%
CATERPILLAR,2019,8295,0.02%
DAEWOO,2019,8203,0.02%
CATERPILLAR,2020,8041,0.02%
MAXUS,2022,8021,0.02%
FENDT,2022,7973,0.02%
CATERPILLAR,2021,7911,0.02%
MITSUBISHI FUSO,2021,7891,0.02%
MITSUBISHI FUSO,2019,7818,0.02%
CATERPILLAR,2022,7802,0.02%
MOTO GUZZI,2022,7775,0.02%
MITSUBISHI FUSO,2020,7721,0.02%
MITSUBISHI FUSO,2022,7693,0.02%
PROTON,2018,7618,0.02%
LEVC,2022,7597,0.02%
FENDT,2021,7595,0.02%
CUPRA,2021,7591,0.02%
MITSUBISHI FUSO,2018,7572,0.02%
POLARIS,2020,7403,0.02%
THWAITES,2022,7330,0.02%
MOTO GUZZI,2021,7320,0.02%
THWAITES,2019,7315,0.02%
KEEWAY,2022,7289,0.02%
THWAITES,2021,7269,0.02%
KEEWAY,2021,7172,0.02%
BEDFORD,2018,7092,0.02%
FENDT,2020,7062,0.02%
BEDFORD,2019,6901,0.02%
MORGAN,2022,6820,0.02%
THWAITES,2020,6811,0.02%
MORGAN,2021,6795,0.02%
MORGAN,2019,6785,0.02%
THWAITES,2018,6759,0.02%
FENDT,2019,6735,0.02%
MORGAN,2018,6734,0.02%
VESPA (DOUGLAS),2021,6711,0.02%
MOTO GUZZI,2020,6689,0.02%
TALBOT,2018,6680,0.02%
VESPA (DOUGLAS),2022,6674,0.02%
HUSQVARNA,2022,6660,0.02%
VESPA (DOUGLAS),2020,6648,0.02%
MERLO,2022,6623,0.02%
MCC,2018,6586,0.02%
ROYAL ENFIELD,2018,6583,0.02%
MORGAN,2020,6565,0.02%
POLARIS,2019,6476,0.02%
BEDFORD,2020,6473,0.02%
MERLO,2021,6440,0.02%
MOTO GUZZI,2019,6417,0.02%
TALBOT,2019,6412,0.02%
VESPA (DOUGLAS),2018,6409,0.02%
BEDFORD,2021,6396,0.02%
VESPA (DOUGLAS),2019,6387,0.02%
FENDT,2018,6384,0.02%
BEDFORD,2022,6332,0.02%
VALTRA,2022,6275,0.02%
VELOCETTE,2021,6213,0.02%
SINNIS,2022,6210,0.02%
MOTO GUZZI,2018,6186,0.02%
VELOCETTE,2020,6182,0.02%
VELOCETTE,2019,6168,0.02%
VELOCETTE,2022,6166,0.02%
VELOCETTE,2018,6092,0.02%
MERLO,2020,6082,0.02%
DAIMLER,2018,6058,0.02%
PROTON,2019,6047,0.02%
HUSQVARNA,2021,6040,0.01%
DAIMLER,2019,6019,0.02%
BENELLI,2022,6006,0.01%
TALBOT,2021,5943,0.01%
POLARIS,2018,5941,0.02%
TALBOT,2020,5937,0.01%
MERLO,2019,5934,0.01%
SINNIS,2021,5901,0.01%
DAIMLER,2021,5861,0.01%
VALTRA,2021,5840,0.01%
DAEWOO,2020,5826,0.01%
KEEWAY,2020,5818,0.01%
TALBOT,2022,5777,0.01%
DAIMLER,2022,5758,0.01%
MERLO,2018,5749,0.01%
SUNBEAM,2022,5744,0.01%
DAIMLER,2020,5734,0.01%
SUNBEAM,2021,5708,0.01%
CHEVROLET GMC,2022,5681,0.01%
LEVC,2021,5647,0.01%
LEYLAND DAF,2018,5626,0.01%
SUNBEAM,2020,5619,0.01%
SUNBEAM,2019,5613,0.01%
CHEVROLET GMC,2021,5601,0.01%
MCC,2019,5556,0.01%
SUNBEAM,2018,5521,0.01%
MCCORMICK,2018,5517,0.01%
CHEVROLET GMC,2019,5501,0.01%
MCCORMICK,2021,5460,0.01%
MCCORMICK,2020,5459,0.01%
MCCORMICK,2019,5441,0.01%
CHEVROLET GMC,2020,5422,0.01%
HUSQVARNA,2020,5417,0.01%
CHEVROLET GMC,2018,5414,0.01%
VALTRA,2020,5414,0.01%
MCCORMICK,2022,5398,0.01%
TVR,2018,5380,0.01%
TVR,2019,5270,0.01%
TVR,2021,5053,0.01%
SINNIS,2020,4999,0.01%
VALTRA,2019,4978,0.01%
TVR,2020,4947,0.01%
LEYLAND DAF,2019,4929,0.01%
POLESTAR,2021,4921,0.01%
TVR,2022,4850,0.01%
ZETOR,2018,4842,0.01%
LEYLAND,2018,4792,0.01%
PROTON,2020,4769,0.01%
OPTARE,2018,4759,0.01%
HUSQVARNA,2019,4700,0.01%
MCC,2020,4698,0.01%
ZETOR,2019,4668,0.01%
BENELLI,2021,4638,0.01%
LEYLAND,2019,4617,0.01%
ZETOR,2021,4607,0.01%
ZETOR,2020,4563,0.01%
KEEWAY,2019,4547,0.01%
ZETOR,2022,4526,0.01%
RILEY,2022,4508,0.01%
RILEY,2021,4502,0.01%
RILEY,2019,4501,0.01%
OPTARE,2019,4493,0.01%
RILEY,2018,4485,0.01%
MATCHLESS,2021,4479,0.01%
RILEY,2020,4468,0.01%
MATCHLESS,2022,4447,0.01%
LAMBORGHINI,2022,4434,0.01%
VALTRA,2018,4428,0.01%
MATCHLESS,2020,4411,0.01%
MATCHLESS,2018,4391,0.01%
WRIGHTBUS,2022,4388,0.01%
MATCHLESS,2019,4382,0.01%
PERODUA,2018,4356,0.01%
KEEWAY,2018,4353,0.01%
RELIANT,2018,4309,0.01%
RELIANT,2019,4294,0.01%
RELIANT,2021,4286,0.01%
LEYLAND,2021,4271,0.01%
LEYLAND,2020,4262,0.01%
RELIANT,2022,4257,0.01%
OPTARE,2020,4194,0.01%
RELIANT,2020,4191,0.01%
ROYAL ALLOY,2022,4188,0.01%
LEVC,2020,4164,0.01%
LEYLAND,2022,4159,0.01%
LAMBORGHINI,2021,4105,0.01%
WRIGHTBUS,2021,4097,0.01%
SINNIS,2019,4089,0.01%
OPEL,2018,4033,0.01%
LEYLAND DAF,2020,4030,0.01%
OPTARE,2021,3989,0.01%
DAEWOO,2021,3977,0.01%
AUSTIN HEALEY,2022,3956,0.01%
MCC,2021,3925,0.01%
AUSTIN HEALEY,2021,3901,0.01%
PERODUA,2019,3892,0.01%
CAN-AM,2022,3867,0.01%
WRIGHTBUS,2020,3827,0.01%
AUSTIN HEALEY,2020,3816,0.01%
HUSQVARNA,2018,3814,0.01%
MAXUS,2021,3788,0.01%
AUSTIN HEALEY,2019,3764,0.01%
CAN-AM,2021,3743,0.01%
PROTON,2021,3722,0.01%
LAMBORGHINI,2020,3662,0.01%
LEYLAND DAF,2021,3636,0.01%
AUSTIN HEALEY,2018,3624,0.01%
WRIGHTBUS,2019,3612,0.01%
PERODUA,2020,3554,0.01%
OPTARE,2022,3547,0.01%
CAN-AM,2020,3501,0.01%
LAMBORGHINI,2019,3464,0.01%
SINNIS,2018,3439,0.01%
GILERA,2018,3420,0.01%
CFMOTO,2022,3414,0.01%
VMOTO,2022,3412,0.01%
MCC,2022,3367,0.01%
ROYAL ALLOY,2021,3357,0.01%
INDIAN,2022,3340,0.01%
WRIGHTBUS,2018,3323,0.01%
LEVC,2019,3297,0.01%
HILLMAN,2022,3294,0.01%
OPEL,2019,3287,0.01%
HILLMAN,2021,3276,0.01%
DEUTZ FAHR,2022,3274,0.01%
HILLMAN,2020,3266,0.01%
RANSOME,2018,3250,0.01%
DEUTZ FAHR,2021,3248,0.01%
RANSOME,2019,3237,0.01%
PERODUA,2021,3230,0.01%
HILLMAN,2019,3229,0.01%
MUTT,2022,3222,0.01%
BENELLI,2020,3197,0.01%
LEYLAND DAF,2022,3162,0.01%
DEUTZ FAHR,2020,3155,0.01%
CAN-AM,2019,3151,0.01%
HILLMAN,2018,3134,0.01%
DEUTZ FAHR,2019,3130,0.01%
BETA,2022,3122,0.01%
DEUTZ FAHR,2018,3097,0.01%
RANSOME,2020,3089,0.01%
LAMBORGHINI,2018,3051,0.01%
WOLSELEY,2019,3037,0.01%
RANSOME,2021,3035,0.01%
WOLSELEY,2022,3031,0.01%
WOLSELEY,2021,3014,0.01%
WOLSELEY,2018,3007,0.01%
WOLSELEY,2020,3003,0.01%
PROTON,2022,2978,0.01%
AUTO-TRAIL,2018,2962,0.01%
INDIAN,2021,2946,0.01%
PERODUA,2022,2946,0.01%
GILERA,2019,2933,0.01%
DAEWOO,2022,2918,0.01%
AUTO-TRAIL,2019,2909,0.01%
RANSOME,2022,2899,0.01%
ZONTES,2022,2794,0.01%
AUSTIN MORRIS,2022,2792,0.01%
AUTO-TRAIL,2021,2791,0.01%
BETA,2021,2781,0.01%
OPEL,2020,2781,0.01%
AUTO-TRAIL,2022,2780,0.01%
CAN-AM,2018,2770,0.01%
CFMOTO,2021,2759,0.01%
MCLAREN,2021,2755,0.01%
GILERA,2020,2741,0.01%
MCLAREN,2022,2729,0.01%
AUTO-TRAIL,2020,2697,0.01%
MUTT,2021,2651,0.01%
LML,2018,2644,0.01%
WACKER NEUSON,2022,2632,0.01%
OTHER COUNTRIES,2018,2628,0.01%
OTHER COUNTRIES,2019,2620,0.01%
SAME,2018,2584,0.01%
NUFFIELD,2020,2583,0.01%
NUFFIELD,2022,2574,0.01%
OTHER COUNTRIES,2021,2573,0.01%
MCLAREN,2020,2567,0.01%
OTHER COUNTRIES,2020,2567,0.01%
NUFFIELD,2021,2556,0.01%
SAME,2019,2547,0.01%
OTHER COUNTRIES,2022,2546,0.01%
NUFFIELD,2019,2542,0.01%
SAME,2020,2532,0.01%
NUFFIELD,2018,2528,0.01%
SAME,2021,2528,0.01%
QINGQI,2018,2498,0.01%
DAF,2018,2486,0.01%
MCLAREN,2019,2484,0.01%
SAME,2022,2467,0.01%
CATERHAM,2018,2460,0.01%
GILERA,2021,2459,0.01%
ROYAL ALLOY,2020,2431,0.01%
CATERHAM,2019,2420,0.01%
VMOTO,2021,2411,0.01%
CATERHAM,2022,2405,0.01%
CASE,2018,2385,0.01%
OPEL,2021,2384,0.01%
CATERHAM,2021,2377,0.01%
AUSTIN MORRIS,2021,2364,0.01%
CASE,2019,2362,0.01%
LML,2019,2350,0.01%
INDIAN,2020,2346,0.01%
BOMAG,2018,2335,0.01%
CASE,2020,2331,0.01%
FODEN,2018,2331,0.01%
BOMAG,2019,2321,0.01%
BETA,2020,2309,0.01%
CASE,2021,2301,0.01%
DAF,2019,2293,0.01%
CATERHAM,2020,2290,0.01%
CIMOTORHOME,2018,2276,0.01%
CASE,2022,2270,0.01%
BOMAG,2021,2262,0.01%
BOMAG,2022,2258,0.01%
CIMOTORHOME,2019,2252,0.01%
GILERA,2022,2235,0.01%
LML,2020,2230,0.01%
OPEL,2022,2196,0.01%
BOMAG,2020,2194,0.01%
ERF,2018,2173,0.01%
CIMOTORHOME,2022,2159,0.01%
BENELLI,2019,2153,0.01%
CFMOTO,2020,2145,0.01%
CIMOTORHOME,2021,2143,0.01%
CCM,2022,2140,0.01%
CIMOTORHOME,2020,2131,0.01%
BETA,2019,2115,0.01%
NIU,2022,2109,0.01%
LML,2021,2062,0.01%
CCM,2021,2060,0.01%
FODEN,2019,2042,0.01%
RALEIGH,2021,2035,0.01%
LANCIA,2022,2029,0.00%
RALEIGH,2022,2025,0.00%
CCM,2020,2023,0.01%
CHAUSSON,2022,2007,0.00%
CADILLAC,2018,2001,0.01%
WACKER NEUSON,2021,1998,0.00%
RALEIGH,2020,1995,0.01%
MCLAREN,2018,1980,0.01%
DAF,2020,1975,0.00%
INDIAN,2019,1953,0.00%
BETA,2018,1947,0.00%
ERF,2019,1947,0.00%
RALEIGH,2019,1944,0.00%
CADILLAC,2019,1936,0.00%
LANCIA,2021,1929,0.00%
MUTT,2020,1915,0.00%
HYOSUNG,2018,1911,0.00%
RALEIGH,2018,1901,0.00%
QINGQI,2019,1893,0.00%
ZONTES,2021,1891,0.00%
CFMOTO,2019,1876,0.00%
LANCIA,2020,1874,0.00%
AUSTIN MORRIS,2020,1870,0.00%
LANCIA,2019,1863,0.00%
CADILLAC,2020,1861,0.00%
LML,2022,1860,0.00%
HUMBER,2019,1853,0.00%
IRISBUS,2018,1852,0.00%
HUMBER,2021,1847,0.00%
CHAUSSON,2021,1846,0.00%
HUMBER,2022,1839,0.00%
DAF,2021,1838,0.00%
HUMBER,2020,1838,0.00%
PULSE,2018,1813,0.00%
LANDINI,2020,1806,0.00%
MV AGUSTA,2021,1806,0.00%
MV AGUSTA,2020,1805,0.00%
HUMBER,2018,1803,0.00%
LANDINI,2018,1803,0.00%
CADILLAC,2021,1802,0.00%
MV AGUSTA,2022,1802,0.00%
CCM,2019,1800,0.00%
LANDINI,2019,1800,0.00%
LANDINI,2021,1800,0.00%
DOUGLAS,2018,1780,0.00%
LANCIA,2018,1780,0.00%
DOUGLAS,2019,1777,0.00%
LANDINI,2022,1770,0.00%
DOUGLAS,2021,1762,0.00%
GREAT WALL,2018,1762,0.00%
MV AGUSTA,2019,1758,0.00%
CADILLAC,2022,1757,0.00%
DOUGLAS,2020,1757,0.00%
ISEKI,2022,1755,0.00%
MV AGUSTA,2018,1752,0.00%
DOUGLAS,2022,1740,0.00%
LEYLAND CARS,2022,1740,0.00%
LONGJIA,2018,1725,0.00%
IRISBUS,2019,1714,0.00%
CFMOTO,2018,1708,0.00%
TAIWAN GOLDEN BEE,2018,1700,0.00%
HYMER,2022,1694,0.00%
GREAT WALL,2019,1682,0.00%
NIU,2021,1676,0.00%
WK BIKES,2022,1672,0.00%
ISEKI,2021,1670,0.00%
LEYLAND CARS,2021,1670,0.00%
OTHER US/AUST/CAN,2019,1651,0.00%
OTHER US/AUST/CAN,2018,1636,0.00%
HYMER,2021,1630,0.00%
HYOSUNG,2019,1627,0.00%
OTHER US/AUST/CAN,2020,1626,0.00%
OTHER US/AUST/CAN,2021,1624,0.00%
AUSTIN MORRIS,2018,1620,0.00%
OTHER US/AUST/CAN,2022,1610,0.00%
BRP,2022,1609,0.00%
JAMES,2020,1609,0.00%
JAMES,2021,1607,0.00%
JAMES,2022,1603,0.00%
GREAT WALL,2020,1600,0.00%
CHAUSSON,2020,1596,0.00%
FODEN,2021,1593,0.00%
DAF,2022,1592,0.00%
AUSTIN MORRIS,2019,1586,0.00%
JAMES,2018,1586,0.00%
JAMES,2019,1583,0.00%
LEYLAND CARS,2020,1575,0.00%
SINGER,2021,1565,0.00%
MZ,2022,1561,0.00%
FODEN,2020,1556,0.00%
ISEKI,2020,1547,0.00%
SINGER,2019,1544,0.00%
QINGQI,2020,1543,0.00%
SINGER,2022,1542,0.00%
GAS GAS,2022,1541,0.00%
MZ,2021,1541,0.00%
BENELLI,2018,1535,0.00%
SINGER,2020,1533,0.00%
NECO,2022,1531,0.00%
CCM,2018,1526,0.00%
HYOSUNG,2020,1524,0.00%
MZ,2020,1522,0.00%
SINGER,2018,1516,0.00%
GREAT WALL,2021,1512,0.00%
MECALAC,2022,1505,0.00%
NSU,2022,1492,0.00%
MZ,2018,1488,0.00%
NSU,2021,1487,0.00%
FODEN,2022,1485,0.00%
MZ,2019,1485,0.00%
ISEKI,2019,1474,0.00%
INDIAN,2018,1473,0.00%
NSU,2020,1469,0.00%
MATBRO,2018,1468,0.00%
ZNEN,2018,1464,0.00%
ERF,2022,1463,0.00%
DERBI,2018,1459,0.00%
ERF,2021,1458,0.00%
ZONTES,2018,1457,0.00%
LEYLAND CARS,2019,1455,0.00%
SCOMADI,2019,1455,0.00%
HYOSUNG,2021,1442,0.00%
MATBRO,2019,1441,0.00%
HYMER,2020,1437,0.00%
MARSHALL,2019,1437,0.00%
IRISBUS,2020,1428,0.00%
MARSHALL,2018,1425,0.00%
GREAT WALL,2022,1423,0.00%
NSU,2019,1423,0.00%
MUTT,2019,1422,0.00%
CHAUSSON,2019,1420,0.00%
JENSEN,2022,1419,0.00%
MARSHALL,2022,1417,0.00%
MARSHALL,2020,1416,0.00%
ISEKI,2018,1414,0.00%
NSU,2018,1414,0.00%
SCOMADI,2018,1414,0.00%
HYMER,2019,1412,0.00%
MARSHALL,2021,1409,0.00%
NECO,2021,1398,0.00%
BULLIT,2021,1392,0.00%
MECALAC,2021,1387,0.00%
JENSEN,2021,1385,0.00%
MATBRO,2020,1383,0.00%
TAIWAN GOLDEN BEE,2019,1379,0.00%
SCOMADI,2020,1368,0.00%
LIEBHERR,2022,1366,0.00%
HYOSUNG,2022,1360,0.00%
PULSE,2019,1360,0.00%
WK BIKES,2021,1357,0.00%
MATBRO,2021,1347,0.00%
PUCH,2022,1344,0.00%
JENSEN,2020,1336,0.00%
JENSEN,2019,1331,0.00%
ERF,2020,1325,0.00%
SCOMADI,2021,1320,0.00%
WACKER NEUSON,2020,1314,0.00%
ZONTES,2019,1313,0.00%
ZONTES,2020,1313,0.00%
LIEBHERR,2021,1309,0.00%
MATBRO,2022,1309,0.00%
CHAUSSON,2018,1306,0.00%
DERBI,2019,1304,0.00%
GAS GAS,2021,1303,0.00%
VICTORY,2018,1298,0.00%
BULLIT,2022,1296,0.00%
PUCH,2021,1294,0.00%
PONTIAC,2021,1292,0.00%
QINGQI,2021,1291,0.00%
IRISBUS,2021,1286,0.00%
LEYLAND CARS,2018,1285,0.00%
LONGJIA,2019,1282,0.00%
PONTIAC,2022,1280,0.00%
ROYAL ALLOY,2019,1269,0.00%
JENSEN,2018,1258,0.00%
MOTORINI,2022,1258,0.00%
HYMER,2018,1250,0.00%
RIEJU,2018,1245,0.00%
BUELL,2018,1239,0.00%
MOTORINI,2021,1237,0.00%
PONTIAC,2020,1231,0.00%
TAIWAN GOLDEN BEE,2020,1229,0.00%
KSR MOTO,2018,1227,0.00%
PUCH,2020,1224,0.00%
SCOMADI,2022,1223,0.00%
PONTIAC,2019,1211,0.00%
DERBI,2020,1208,0.00%
VICTORY,2019,1205,0.00%
BRP,2021,1199,0.00%
LIEBHERR,2020,1194,0.00%
LIEBHERR,2019,1193,0.00%
ZNEN,2019,1189,0.00%
LEVC,2018,1184,0.00%
MICROCAR,2018,1180,0.00%
TERBERG,2022,1178,0.00%
VICTORY,2020,1171,0.00%
WACKER NEUSON,2019,1167,0.00%
IRISBUS,2022,1157,0.00%
BUELL,2019,1155,0.00%
AIXAM,2018,1150,0.00%
PONTIAC,2018,1150,0.00%
OTHER GERMAN,2018,1147,0.00%
PANTHER,2022,1146,0.00%
OTHER GERMAN,2019,1139,0.00%
KIOTI,2022,1132,0.00%
LONGJIA,2020,1129,0.00%
PANTHER,2021,1129,0.00%
RIEJU,2021,1129,0.00%
LIEBHERR,2018,1128,0.00%
NECO,2020,1123,0.00%
X-BOW,2019,1120,0.00%
GENESIS,2022,1119,0.00%
DERBI,2021,1118,0.00%
PULSE,2020,1118,0.00%
MOTORINI,2020,1117,0.00%
VICTORY,2021,1116,0.00%
PANTHER,2020,1111,0.00%
PANTHER,2019,1106,0.00%
PUCH,2019,1101,0.00%
VICTORY,2022,1100,0.00%
OTHER GERMAN,2021,1099,0.00%
OTHER GERMAN,2020,1098,0.00%
RIEJU,2020,1098,0.00%
KSR MOTO,2019,1092,0.00%
ZNEN,2020,1089,0.00%
BUELL,2020,1081,0.00%
PANTHER,2018,1080,0.00%
RIEJU,2019,1078,0.00%
RIEJU,2022,1075,0.00%
OTHER GERMAN,2022,1073,0.00%
X-BOW,2020,1071,0.00%
X-BOW,2018,1070,0.00%
MICROCAR,2019,1065,0.00%
WK BIKES,2018,1060,0.00%
KIOTI,2021,1056,0.00%
X-BOW,2021,1055,0.00%
PUCH,2018,1049,0.00%
BRISTOL (BLMC),2022,1046,0.00%
BYD,2022,1042,0.00%
TAIWAN GOLDEN BEE,2021,1039,0.00%
JOHNSTON SWEEPERS,2018,1036,0.00%
BUELL,2021,1033,0.00%
BULLIT,2020,1031,0.00%
TORO,2022,1031,0.00%
BRISTOL (BLMC),2019,1030,0.00%
JOHNSTON SWEEPERS,2019,1029,0.00%
DATSUN,2022,1028,0.00%
VALMET,2018,1026,0.00%
MECALAC,2019,1024,0.00%
AIXAM,2019,1021,0.00%
X-BOW,2022,1018,0.00%
FANTIC MOTOR,2022,1017,0.00%
MUTT,2018,1017,0.00%
TRIGANO,2019,1015,0.00%
BRISTOL (BLMC),2021,1011,0.00%
VDL,2022,1010,0.00%
KSR MOTO,2020,1008,0.00%
VDL,2019,1008,0.00%
TRIGANO,2018,1007,0.00%
WK BIKES,2020,1005,0.00%
BAOTIAN,2018,1003,0.00%
BENFORD,2018,1000,0.00%
KIOTI,2018,998,0.00%
BRISTOL (BLMC),2018,994,0.00%
GAS GAS,2018,993,0.00%
VALMET,2019,992,0.00%
MOFFETT,2022,988,0.00%
KIOTI,2020,987,0.00%
LONGJIA,2021,987,0.00%
TRIGANO,2021,987,0.00%
VDL,2021,987,0.00%
BRISTOL (BLMC),2020,986,0.00%
QINGQI,2022,985,0.00%
COMMER,2019,983,0.00%
KIOTI,2019,983,0.00%
TRIGANO,2022,983,0.00%
GAS GAS,2019,982,0.00%
BENFORD,2019,980,0.00%
DATSUN,2021,977,0.00%
GAS GAS,2020,976,0.00%
OTHER ELECTRIC,2018,976,0.00%
MOBYLETTE,2022,975,0.00%
BUELL,2022,970,0.00%
JOHNSTON SWEEPERS,2020,967,0.00%
VALMET,2020,967,0.00%
TRIGANO,2020,965,0.00%
COMMER,2018,963,0.00%
COMMER,2020,961,0.00%
DERBI,2022,961,0.00%
COMMER,2022,956,0.00%
MOBYLETTE,2021,955,0.00%
COMMER,2021,953,0.00%
VDL,2018,950,0.00%
MICROCAR,2020,947,0.00%
WESTFIELD,2018,945,0.00%
VALMET,2021,940,0.00%
MOBYLETTE,2020,931,0.00%
TERBERG,2021,927,0.00%
VALMET,2022,926,0.00%
WESTFIELD,2019,921,0.00%
OTHER ELECTRIC,2019,919,0.00%
AIXAM,2020,915,0.00%
DAELIM,2018,914,0.00%
DATSUN,2020,911,0.00%
CAETANO,2022,910,0.00%
MASH,2022,906,0.00%
BENFORD,2020,905,0.00%
MECALAC,2020,900,0.00%
GENERIC,2018,889,0.00%
SHERCO,2022,888,0.00%
BENFORD,2021,885,0.00%
WK BIKES,2019,883,0.00%
ADRIA,2022,882,0.00%
NECO,2019,873,0.00%
HERALD MOTOR COMPANY,2018,870,0.00%
NIU,2020,863,0.00%
VMOTO,2020,862,0.00%
KSR MOTO,2021,859,0.00%
MASH,2021,858,0.00%
OTHER ELECTRIC,2020,858,0.00%
TORO,2021,858,0.00%
DATSUN,2019,855,0.00%
LAVERDA,2022,855,0.00%
BENFORD,2022,854,0.00%
CAETANO,2021,852,0.00%
MOBYLETTE,2019,849,0.00%
FANTIC MOTOR,2021,842,0.00%
VDL,2020,841,0.00%
CAETANO,2019,838,0.00%
POLESTAR,2020,838,0.00%
HERALD,2022,835,0.00%
ZNEN,2021,835,0.00%
MICROCAR,2021,834,0.00%
PULSE,2021,834,0.00%
TAIWAN GOLDEN BEE,2022,833,0.00%
AIXAM,2021,828,0.00%
HINO,2018,828,0.00%
MOBYLETTE,2018,826,0.00%
OTHER ELECTRIC,2021,824,0.00%
JOHNSTON SWEEPERS,2021,816,0.00%
SHERCO,2021,816,0.00%
WESTFIELD,2020,811,0.00%
WESTFIELD,2021,809,0.00%
ALPINE,2022,794,0.00%
TERBERG,2020,793,0.00%
LEYLAND AEC,2019,792,0.00%
LONGJIA,2022,792,0.00%
MOTORINI,2019,790,0.00%
OTHER ELECTRIC,2022,788,0.00%
ADRIA,2021,784,0.00%
BUICK,2022,783,0.00%
MOFFETT,2021,783,0.00%
HERALD MOTOR COMPANY,2019,779,0.00%
BUICK,2021,778,0.00%
WESTFIELD,2022,773,0.00%
BAOTIAN,2019,771,0.00%
BUICK,2020,768,0.00%
LEYLAND AEC,2022,767,0.00%
SKYTEAM,2018,767,0.00%
LEYLAND AEC,2018,765,0.00%
MOTORINI,2018,762,0.00%
BUICK,2019,761,0.00%
BUICK,2018,760,0.00%
DATSUN,2018,758,0.00%
LAVERDA,2021,757,0.00%
NECO,2018,753,0.00%
BRP,2020,751,0.00%
CAETANO,2018,749,0.00%
DETHLEFFS,2022,747,0.00%
TORO,2020,746,0.00%
AIXAM,2022,742,0.00%
COUNTY COMM CARS,2019,741,0.00%
LIFAN,2018,740,0.00%
YUTONG,2022,740,0.00%
HERALD,2021,739,0.00%
COUNTY COMM CARS,2018,737,0.00%
DAELIM,2019,735,0.00%
LEYLAND AEC,2021,733,0.00%
COUNTY COMM CARS,2020,732,0.00%
MICROCAR,2022,730,0.00%
COUNTY COMM CARS,2021,729,0.00%
MONDIAL,2022,729,0.00%
WACKER NEUSON,2018,719,0.00%
BOVA,2018,716,0.00%
COUNTY COMM CARS,2022,716,0.00%
CAETANO,2020,713,0.00%
HYSTER,2022,710,0.00%
ROYAL ALLOY,2018,710,0.00%
HERALD MOTOR COMPANY,2021,700,0.00%
DETHLEFFS,2021,699,0.00%
JOHNSTON SWEEPERS,2022,699,0.00%
HERALD MOTOR COMPANY,2020,691,0.00%
HYSTER,2019,691,0.00%
SMC,2018,691,0.00%
ZNEN,2022,691,0.00%
LAVERDA,2020,688,0.00%
HYSTER,2021,687,0.00%
LEYLAND AEC,2020,685,0.00%
MASH,2020,682,0.00%
VAN HOOL,2019,681,0.00%
SHERCO,2020,678,0.00%
OTHER FRENCH,2018,677,0.00%
SCHMIDT,2022,677,0.00%
WEIDEMANN,2022,677,0.00%
SMC,2020,676,0.00%
BOVA,2019,675,0.00%
BOND,2022,673,0.00%
GENERIC,2019,672,0.00%
SUR-RON,2022,672,0.00%
HYSTER,2020,669,0.00%
KSR MOTO,2022,669,0.00%
SCHMIDT,2021,667,0.00%
BOND,2021,666,0.00%
PULSE,2022,666,0.00%
SKYTEAM,2019,665,0.00%
DAELIM,2020,664,0.00%
VAN HOOL,2022,664,0.00%
PIONEER,2018,663,0.00%
SCAMMELL,2018,662,0.00%
MGB,2022,658,0.00%
HYSTER,2018,655,0.00%
OTHER FRENCH,2019,654,0.00%
SCAMMELL,2019,654,0.00%
SCHMIDT,2019,652,0.00%
BOND,2020,650,0.00%
OTHER FRENCH,2020,648,0.00%
VAN HOOL,2018,648,0.00%
MOFFETT,2020,647,0.00%
OTHER FRENCH,2021,645,0.00%
VANDEN PLAS,2022,644,0.00%
LINCOLN,2019,643,0.00%
COLEMAN MILNE,2022,642,0.00%
HINO,2019,641,0.00%
LINCOLN,2018,640,0.00%
LIFAN,2019,637,0.00%
SKYTEAM,2020,637,0.00%
HERALD MOTOR COMPANY,2022,635,0.00%
LAVERDA,2019,635,0.00%
VAN HOOL,2021,635,0.00%
SCHMIDT,2020,634,0.00%
TERBERG,2019,634,0.00%
BOND,2019,633,0.00%
SCHMIDT,2018,631,0.00%
HANWAY,2020,630,0.00%
OTHER WEST EUROPEAN,2021,630,0.00%
SCAMMELL,2020,627,0.00%
OTHER WEST EUROPEAN,2019,626,0.00%
OTHER FRENCH,2022,625,0.00%
QUADZILLA,2018,625,0.00%
SMC,2019,625,0.00%
VANDEN PLAS,2020,622,0.00%
ZERO,2022,619,0.00%
BOND,2018,618,0.00%
VANDEN PLAS,2019,617,0.00%
YUTONG,2021,617,0.00%
OTHER WEST EUROPEAN,2022,616,0.00%
SCAMMELL,2021,616,0.00%
VANDEN PLAS,2021,616,0.00%
OTHER WEST EUROPEAN,2018,614,0.00%
BAOTIAN,2020,613,0.00%
SKYTEAM,2021,613,0.00%
OTHER WEST EUROPEAN,2020,609,0.00%
CAGIVA,2018,608,0.00%
HANWAY,2021,607,0.00%
NEOPLAN,2018,607,0.00%
SCAMMELL,2022,607,0.00%
TORO,2019,604,0.00%
LINCOLN,2021,603,0.00%
WEIDEMANN,2021,601,0.00%
LINCOLN,2022,599,0.00%
LAVERDA,2018,598,0.00%
MECALAC,2018,597,0.00%
HANWAY,2019,595,0.00%
VANDEN PLAS,2018,594,0.00%
MASH,2019,593,0.00%
SKYTEAM,2022,591,0.00%
BYD,2021,587,0.00%
NEOPLAN,2019,586,0.00%
BULLIT,2019,583,0.00%
MONDIAL,2021,578,0.00%
PILOTE,2022,578,0.00%
COLEMAN MILNE,2021,577,0.00%
SMC,2021,576,0.00%
WANGYE,2021,572,0.00%
DETHLEFFS,2020,568,0.00%
GENERIC,2020,566,0.00%
CAGIVA,2019,565,0.00%
PIONEER,2019,565,0.00%
FANTIC MOTOR,2020,563,0.00%
LIFAN,2020,561,0.00%
ALPINE,2021,560,0.00%
QUADZILLA,2019,559,0.00%
MOFFETT,2019,556,0.00%
DAELIM,2021,554,0.00%
HANWAY,2018,552,0.00%
SHERCO,2019,548,0.00%
LINCOLN,2020,540,0.00%
NEOPLAN,2022,532,0.00%
CAGIVA,2020,527,0.00%
RAPIDO,2022,525,0.00%
VMOTO,2019,522,0.00%
BURSTNER,2022,520,0.00%
COLEMAN MILNE,2020,519,0.00%
TGB,2022,517,0.00%
HANWAY,2022,516,0.00%
HERALD,2020,515,0.00%
BAOTIAN,2021,513,0.00%
IRIZAR,2022,511,0.00%
NEW HOLLAND (FIAT),2018,510,0.00%
QUADZILLA,2020,510,0.00%
SUR-RON,2021,509,0.00%
SMC,2022,508,0.00%
NEW HOLLAND (FIAT),2019,504,0.00%
CAGIVA,2021,503,0.00%
NEOPLAN,2021,503,0.00%
HINO,2020,501,0.00%
NEW HOLLAND (FIAT),2022,501,0.00%
PIONEER,2020,501,0.00%
BURSTNER,2021,498,0.00%
MONDIAL,2020,498,0.00%
TERBERG,2018,498,0.00%
ZERO,2021,498,0.00%
NEW HOLLAND (FIAT),2020,497,0.00%
SHERCO,2018,497,0.00%
WEIDEMANN,2020,497,0.00%
NEW HOLLAND (FIAT),2021,495,0.00%
WHITE KNUCKLE,2018,488,0.00%
YAMASAKI,2022,488,0.00%
BOVA,2021,482,0.00%
BULTACO,2022,482,0.00%
SEDDON/ATKINSON,2018,481,0.00%
SETRA,2018,474,0.00%
RAPIDO,2021,472,0.00%
EASY RIDER,2018,469,0.00%
DETHLEFFS,2019,466,0.00%
VAN HOOL,2020,465,0.00%
MASH,2018,464,0.00%
BULTACO,2021,462,0.00%
SETRA,2019,462,0.00%
CAGIVA,2022,460,0.00%
QUADZILLA,2021,460,0.00%
YADEA,2022,455,0.00%
PLYMOUTH,2022,454,0.00%
ADRIA,2020,453,0.00%
BULLIT,2018,453,0.00%
PIONEER,2021,453,0.00%
BOVA,2022,451,0.00%
LIFAN,2021,451,0.00%
UM,2020,450,0.00%
IRIZAR,2021,449,0.00%
DAELIM,2022,448,0.00%
GENERIC,2021,447,0.00%
BOVA,2020,444,0.00%
WANGYE,2022,444,0.00%
DFSK,2018,443,0.00%
DFSK,2022,442,0.00%
YUTONG,2019,441,0.00%
DFSK,2021,439,0.00%
PLYMOUTH,2021,438,0.00%
SEDDON/ATKINSON,2019,438,0.00%
AVELING BARFORD,2018,427,0.00%
COLEMAN MILNE,2019,427,0.00%
PILOTE,2021,427,0.00%
DFSK,2019,426,0.00%
AVELING BARFORD,2019,424,0.00%
YALE,2019,421,0.00%
EASY RIDER,2021,420,0.00%
IRIZAR,2019,420,0.00%
ALBION,2018,418,0.00%
YUTONG,2020,418,0.00%
ALBION,2019,417,0.00%
AVELING BARFORD,2020,417,0.00%
DFSK,2020,417,0.00%
ASKOLL,2022,416,0.00%
AVELING BARFORD,2021,416,0.00%
AVELING BARFORD,2022,416,0.00%
TORO,2018,415,0.00%
PLYMOUTH,2020,414,0.00%
JAWA,2021,413,0.00%
TRANSBUS INT,2018,413,0.00%
UM,2019,413,0.00%
HINO,2021,412,0.00%
HUONIAO,2018,411,0.00%
CPI,2018,410,0.00%
BULTACO,2020,409,0.00%
HUSABERG,2018,409,0.00%
SEDDON/ATKINSON,2020,407,0.00%
MONDIAL,2019,406,0.00%
MERCURY,2019,405,0.00%
E-MAX,2022,403,0.00%
FANTIC MOTOR,2019,403,0.00%
ALBION,2022,402,0.00%
ALBION,2020,401,0.00%
UM,2021,401,0.00%
EASY RIDER,2019,399,0.00%
MERCURY,2021,397,0.00%
NIU,2019,396,0.00%
TRANSBUS INT,2019,396,0.00%
YALE,2018,396,0.00%
YALE,2020,394,0.00%
JAWA,2022,393,0.00%
PLYMOUTH,2019,391,0.00%
ALBION,2021,389,0.00%
JAWA,2020,389,0.00%
TAFE,2022,389,0.00%
PIONEER,2022,388,0.00%
SEDDON/ATKINSON,2022,388,0.00%
TAFE,2021,388,0.00%
UM,2022,388,0.00%
BOB CAT,2022,387,0.00%
MERCURY,2022,387,0.00%
MERCURY,2020,386,0.00%
QUADZILLA,2022,385,0.00%
TGB,2021,384,0.00%
SEDDON/ATKINSON,2021,382,0.00%
LIFAN,2022,381,0.00%
KNAUS,2022,379,0.00%
CZ,2022,376,0.00%
KOMATSU,2019,376,0.00%
CARBODIES,2018,375,0.00%
YALE,2021,375,0.00%
RAPIDO,2020,374,0.00%
JAWA,2019,373,0.00%
MERCURY,2018,373,0.00%
PLYMOUTH,2018,372,0.00%
SETRA,2022,370,0.00%
WEIDEMANN,2019,370,0.00%
BULTACO,2019,369,0.00%
TAFE,2020,368,0.00%
TEREX,2019,367,0.00%
ALPINE,2020,366,0.00%
JAWA,2018,366,0.00%
IRIZAR,2018,365,0.00%
EASY RIDER,2022,364,0.00%
UNIVERSAL,2018,364,0.00%
BAOTIAN,2022,363,0.00%
CZ,2021,363,0.00%
YALE,2022,363,0.00%
EASY RIDER,2020,362,0.00%
HUSABERG,2019,362,0.00%
KOMATSU,2020,355,0.00%
OLDSMOBILE,2021,352,0.00%
WANGYE,2020,352,0.00%
TRANSBUS INT,2020,351,0.00%
ZERO,2020,349,0.00%
KNAUS,2021,347,0.00%
YUTONG,2018,346,0.00%
KOMATSU,2021,345,0.00%
TAFE,2019,345,0.00%
GENERIC,2022,344,0.00%
CZ,2020,343,0.00%
HORWIN,2022,343,0.00%
SETRA,2021,343,0.00%
BELARUS,2018,341,0.00%
OLDSMOBILE,2020,341,0.00%
WHITE KNUCKLE,2019,341,0.00%
BEELINE,2018,340,0.00%
OLDSMOBILE,2019,340,0.00%
OLDSMOBILE,2022,339,0.00%
IRIZAR,2020,338,0.00%
KOMATSU,2018,338,0.00%
TEREX,2018,338,0.00%
NEOPLAN,2020,337,0.00%
UNIVERSAL,2019,337,0.00%
BOB CAT,2021,336,0.00%
TAFE,2018,334,0.00%
JINLUN,2018,332,0.00%
MOBILVETTA,2022,332,0.00%
OLDSMOBILE,2018,330,0.00%
MOBILVETTA,2021,329,0.00%
MOTO MORINI,2022,329,0.00%
HUONIAO,2019,327,0.00%
VELOSOLEX,2021,325,0.00%
BMC,2018,324,0.00%
BULTACO,2018,324,0.00%
HINO,2022,324,0.00%
SCARAB,2022,323,0.00%
KOMATSU,2022,322,0.00%
LHY,2021,322,0.00%
SCARAB,2021,322,0.00%
JONWAY,2018,320,0.00%
LHY,2022,319,0.00%
DETHLEFFS,2018,317,0.00%
BELARUS,2019,316,0.00%
BELARUS,2022,316,0.00%
GARELLI,2021,314,0.00%
HUSABERG,2021,314,0.00%
CARBODIES,2019,313,0.00%
SIROMER,2022,313,0.00%
UNIVERSAL,2020,313,0.00%
VELOSOLEX,2022,312,0.00%
COLEMAN MILNE,2018,311,0.00%
GARELLI,2022,311,0.00%
SIROMER,2021,310,0.00%
CZ,2019,309,0.00%
HUSABERG,2020,308,0.00%
PGO,2018,308,0.00%
SCARAB,2020,308,0.00%
VELOSOLEX,2020,308,0.00%
BELARUS,2020,307,0.00%
BELARUS,2021,307,0.00%
CPI,2019,307,0.00%
TRANSBUS INT,2021,304,0.00%
UNIVERSAL,2021,302,0.00%
RAPIDO,2019,299,0.00%
SMITHS,2018,299,0.00%
BOB CAT,2020,298,0.00%
BRP,2019,297,0.00%
SCARAB,2019,297,0.00%
BLUROC,2022,296,0.00%
ADRIA,2019,295,0.00%
ARTISAN,2022,295,0.00%
REVA,2018,295,0.00%
SWM,2020,295,0.00%
MONTESA,2022,294,0.00%
REWACO,2022,294,0.00%
SWM,2021,292,0.00%
BMC,2019,291,0.00%
MOFFETT,2018,291,0.00%
UNIVERSAL,2022,291,0.00%
METROCAB,2018,290,0.00%
MONDIAL,2018,290,0.00%
WHITE KNUCKLE,2020,290,0.00%
BRIXTON,2020,289,0.00%
BURSTNER,2020,289,0.00%
GARELLI,2020,289,0.00%
KNAUS,2020,289,0.00%
ALPINE,2019,287,0.00%
DIECI,2022,287,0.00%
ALPINA,2019,286,0.00%
ALPINA,2018,283,0.00%
MUIR-HILL,2019,283,0.00%
CZ,2018,282,0.00%
TYM,2021,282,0.00%
HONLEY,2018,281,0.00%
TEMSA,2022,281,0.00%
DIECI,2021,279,0.00%
HUMMER,2019,279,0.00%
REWACO,2021,279,0.00%
TYM,2022,278,0.00%
HUMMER,2018,277,0.00%
HUMMER,2021,277,0.00%
HSUN,2022,276,0.00%
ITALJET,2022,276,0.00%
SIROMER,2020,276,0.00%
ALPINA,2020,275,0.00%
MUIR-HILL,2018,275,0.00%
WEIDEMANN,2018,275,0.00%
ARIEL,2022,274,0.00%
CPI,2020,274,0.00%
HUSABERG,2022,274,0.00%
OTHER/COMMERCIAL/THORNEYCROFT,2018,274,0.00%
TEREX,2021,274,0.00%
BAJAJ,2021,273,0.00%
KNAUS,2019,273,0.00%
SUPERBYKE,2018,273,0.00%
OTHER/COMMERCIAL/THORNEYCROFT,2019,272,0.00%
ALPINA,2021,271,0.00%
ALPINA,2022,271,0.00%
TEREX,2020,271,0.00%
TYM,2020,271,0.00%
TEMSA,2019,270,0.00%
GARELLI,2019,269,0.00%
PILOTE,2020,269,0.00%
DINLI,2018,268,0.00%
MUIR-HILL,2022,268,0.00%
BOB CAT,2019,267,0.00%
HUMMER,2022,267,0.00%
MUIR-HILL,2021,267,0.00%
BAJAJ,2022,266,0.00%
TEREX,2022,266,0.00%
COVENTRY CLIMAX,2018,265,0.00%
SACHS,2018,265,0.00%
TYM,2019,265,0.00%
BRIXTON,2021,263,0.00%
DIECI,2020,263,0.00%
MUIR-HILL,2020,263,0.00%
SEGWAY,2022,263,0.00%
TEMSA,2021,262,0.00%
ASKOLL,2021,261,0.00%
SUR-RON,2020,261,0.00%
VELOSOLEX,2019,261,0.00%
BAJAJ,2020,260,0.00%
COVENTRY CLIMAX,2019,260,0.00%
COVENTRY CLIMAX,2021,260,0.00%
FANTIC MOTOR,2018,260,0.00%
PGO,2019,260,0.00%
JINLUN,2020,259,0.00%
REVA,2019,259,0.00%
DIECI,2019,258,0.00%
JUNGHEINRICH,2019,258,0.00%
PGO,2020,258,0.00%
COVENTRY CLIMAX,2020,257,0.00%
JUNGHEINRICH,2018,257,0.00%
GARELLI,2018,256,0.00%
OTHER/COMMERCIAL/THORNEYCROFT,2022,256,0.00%
REWACO,2020,256,0.00%
ARTISAN,2021,255,0.00%
JINLUN,2019,255,0.00%
SWM,2022,255,0.00%
TYM,2018,255,0.00%
BMC,2021,254,0.00%
KNAUS,2018,254,0.00%
OTHER/COMMERCIAL/THORNEYCROFT,2020,254,0.00%
GREEVES,2021,253,0.00%
OTHER/COMMERCIAL/THORNEYCROFT,2021,253,0.00%
DINLI,2020,252,0.00%
ZHONGNENG,2022,252,0.00%
COVENTRY CLIMAX,2022,251,0.00%
MOTO MORINI,2021,251,0.00%
SWM,2019,251,0.00%
ARIEL,2021,250,0.00%
BMC,2020,250,0.00%
MOTO MORINI,2020,250,0.00%
TGB,2020,250,0.00%
DINLI,2019,249,0.00%
HUMMER,2020,249,0.00%
HUONIAO,2020,249,0.00%
MONTESA,2019,249,0.00%
BOOM,2018,248,0.00%
HERALD,2019,248,0.00%
MONTESA,2021,248,0.00%
BOOM,2019,247,0.00%
SIROMER,2018,247,0.00%
SIROMER,2019,247,0.00%
MOBILVETTA,2020,245,0.00%
REWACO,2019,245,0.00%
GREEVES,2022,244,0.00%
JIANSHE,2018,244,0.00%
SITCAR,2018,244,0.00%
IVECO FORD,2018,243,0.00%
BOB CAT,2018,241,0.00%
SCARAB,2018,241,0.00%
VELOSOLEX,2018,241,0.00%
GREEVES,2020,240,0.00%
BAJAJ,2019,239,0.00%
SMITHS,2019,239,0.00%
BYD,2020,238,0.00%
MONTESA,2020,238,0.00%
HURLIMANN,2022,237,0.00%
JINLUN,2021,237,0.00%
MONTESA,2018,236,0.00%
SETRA,2020,236,0.00%
STEYR,2019,236,0.00%
STEYR,2018,234,0.00%
TEMSA,2018,234,0.00%
SACHS,2019,233,0.00%
SKYJET,2018,232,0.00%
STEYR,2022,232,0.00%
TATA,2018,232,0.00%
TOMOS,2018,232,0.00%
HONLEY,2019,231,0.00%
MOTO MORINI,2019,231,0.00%
SITCAR,2019,231,0.00%
STEYR,2021,231,0.00%
CARBODIES,2021,229,0.00%
HURLIMANN,2021,228,0.00%
DIECI,2018,226,0.00%
PILOTE,2019,226,0.00%
REVA,2020,226,0.00%
CPI,2021,225,0.00%
STEYR,2020,225,0.00%
TRANSBUS INT,2022,225,0.00%
MBK,2018,224,0.00%
BCS,2022,223,0.00%
CARBODIES,2020,223,0.00%
ITALJET,2018,223,0.00%
SACHS,2020,223,0.00%
WHITE KNUCKLE,2021,223,0.00%
BOOM,2021,221,0.00%
NIPPONIA,2018,221,0.00%
SWM,2018,221,0.00%
ZERO,2019,221,0.00%
STOTHERT AND PITT,2019,220,0.00%
BCS,2021,219,0.00%
BOOM,2022,219,0.00%
CROMPTON (LEYLAND),2018,219,0.00%
REWACO,2018,219,0.00%
STOTHERT AND PITT,2018,219,0.00%
SUNLIGHT,2021,219,0.00%
ARIEL,2020,218,0.00%
YAMASAKI,2021,218,0.00%
GREEVES,2019,217,0.00%
SHIBAURA,2018,217,0.00%
STOTHERT AND PITT,2020,217,0.00%
STOTHERT AND PITT,2021,217,0.00%
AC (ELECTRIC),2021,215,0.00%
LHY,2020,215,0.00%
BMC,2022,214,0.00%
HONLEY,2020,214,0.00%
AC (ELECTRIC),2022,213,0.00%
HURLIMANN,2020,213,0.00%
MARCOS,2022,213,0.00%
SCUTUM,2022,213,0.00%
STOTHERT AND PITT,2022,213,0.00%
HUONIAO,2021,212,0.00%
SHIBAURA,2021,212,0.00%
SILENCE,2022,212,0.00%
DINLI,2021,211,0.00%
IVECO FORD,2019,211,0.00%
BCS,2020,210,0.00%
BOOM,2020,210,0.00%
BRISTOL,2019,210,0.00%
JUNGHEINRICH,2020,210,0.00%
AGRIFAC,2022,209,0.00%
SUPERBYKE,2019,209,0.00%
AC (ELECTRIC),2020,208,0.00%
BRISTOL,2022,208,0.00%
HURLIMANN,2019,208,0.00%
BEELINE,2019,207,0.00%
RAPIDO,2018,207,0.00%
REVA,2021,207,0.00%
SUNLIGHT,2020,207,0.00%
TOMOS,2019,207,0.00%
AC (ELECTRIC),2019,206,0.00%
AC,2022,205,0.00%
BRISTOL,2018,205,0.00%
BRISTOL,2020,205,0.00%
GROVE,2022,205,0.00%
LADA,2022,205,0.00%
MOTO MORINI,2018,205,0.00%
CROMPTON (LEYLAND),2019,204,0.00%
JUNGHEINRICH,2021,204,0.00%
ORION,2020,204,0.00%
YANMAR,2022,204,0.00%
BAJAJ,2018,203,0.00%
SHIBAURA,2019,203,0.00%
SHIBAURA,2020,203,0.00%
SUNLIGHT,2022,203,0.00%
BRISTOL,2021,202,0.00%
AC (ELECTRIC),2018,201,0.00%
BCS,2019,201,0.00%
DINLI,2022,201,0.00%
JONWAY,2019,201,0.00%
MARCOS,2019,201,0.00%
HURLIMANN,2018,200,0.00%
LADA,2021,200,0.00%
MARCOS,2018,200,0.00%
YANMAR,2018,200,0.00%
AGRIFAC,2021,199,0.00%
SACHS,2021,199,0.00%
SITCAR,2021,199,0.00%
TEMSA,2020,199,0.00%
YANMAR,2019,199,0.00%
CARBODIES,2022,198,0.00%
MARCOS,2021,198,0.00%
TOMOS,2020,198,0.00%
BRIXTON,2022,197,0.00%
GROVE,2021,197,0.00%
ITALJET,2019,197,0.00%
JIANSHE,2019,197,0.00%
SHIBAURA,2022,197,0.00%
SMITHS,2020,197,0.00%
YANMAR,2020,197,0.00%
YANMAR,2021,196,0.00%
MARCOS,2020,195,0.00%
ITALJET,2021,194,0.00%
ORION,2021,193,0.00%
REVA,2022,193,0.00%
HSUN,2021,192,0.00%
ITALJET,2020,192,0.00%
JINLUN,2022,192,0.00%
MOBILVETTA,2019,192,0.00%
MOTOBECANE,2022,192,0.00%
NIESMANN + BISCHOFF,2022,192,0.00%
AC,2021,191,0.00%
BCS,2018,189,0.00%
GREEVES,2018,189,0.00%
AJP,2021,188,0.00%
ARIEL,2019,188,0.00%
JUNGHEINRICH,2022,188,0.00%
MALAGUTI,2018,188,0.00%
SMITHS,2021,188,0.00%
CROMPTON (LEYLAND),2020,187,0.00%
HORWIN,2021,187,0.00%
AC,2020,186,0.00%
NIESMANN + BISCHOFF,2021,186,0.00%
WINGET,2019,186,0.00%
AC,2019,185,0.00%
CROMPTON (LEYLAND),2021,185,0.00%
GROVE,2020,185,0.00%
MOTOBECANE,2021,185,0.00%
TOMOS,2021,185,0.00%
ZHONGNENG,2021,185,0.00%
WINGET,2018,184,0.00%
MBK,2019,183,0.00%
ROADLESS,2021,183,0.00%
WINGET,2020,183,0.00%
ROADLESS,2018,182,0.00%
SUKIDA,2018,182,0.00%
GINETTA,2022,181,0.00%
ORION,2022,181,0.00%
ROADLESS,2019,181,0.00%
ZONGSHEN,2018,181,0.00%
GUY,2019,180,0.00%
HOLDEN,2021,180,0.00%
PGO,2021,180,0.00%
SITCAR,2020,180,0.00%
SITCAR,2022,180,0.00%
ROADLESS,2022,179,0.00%
GUY,2018,178,0.00%
IVECO FORD,2020,178,0.00%
WINGET,2021,178,0.00%
CPI,2022,177,0.00%
KIDEN,2018,177,0.00%
LADA,2020,177,0.00%
ROADLESS,2020,177,0.00%
GROVE,2019,176,0.00%
SACHS,2022,176,0.00%
HONLEY,2021,175,0.00%
AC,2018,173,0.00%
BRIXTON,2019,173,0.00%
FREIGHT ROVER,2018,173,0.00%
GINETTA,2018,173,0.00%
HOLDEN,2019,173,0.00%
HUONIAO,2022,173,0.00%
JIAJUE,2022,173,0.00%
UM,2018,173,0.00%
AJP,2019,172,0.00%
AGRIFAC,2020,171,0.00%
AJP,2020,171,0.00%
ARTISAN,2020,171,0.00%
CROMPTON (LEYLAND),2022,171,0.00%
MOTO ROMA,2018,171,0.00%
VMOTO,2018,171,0.00%
WINGET,2022,171,0.00%
GUY,2020,170,0.00%
HOLDEN,2022,170,0.00%
TATA,2019,170,0.00%
AJP,2022,169,0.00%
GINETTA,2021,169,0.00%
GROVE,2018,169,0.00%
GUY,2022,169,0.00%
HOLDEN,2018,169,0.00%
HOLDEN,2020,169,0.00%
METROCAB,2019,169,0.00%
SUPERBYKE,2020,169,0.00%
URAL,2019,169,0.00%
GUY,2021,168,0.00%
LADA,2019,168,0.00%
URAL,2018,168,0.00%
URAL,2021,168,0.00%
BURSTNER,2019,167,0.00%
GINETTA,2020,167,0.00%
URAL,2020,167,0.00%
VERTIGO,2022,167,0.00%
OTHER JAPANESE/ASIAN,2019,166,0.00%
YIYING,2018,166,0.00%
ARIEL,2018,165,0.00%
BEELINE,2020,165,0.00%
GINETTA,2019,165,0.00%
MOTOBECANE,2020,165,0.00%
OTHER JAPANESE/ASIAN,2018,165,0.00%
NIESMANN + BISCHOFF,2020,164,0.00%
ORION,2018,164,0.00%
URAL,2022,164,0.00%
CORVETTE,2022,163,0.00%
MBK,2020,162,0.00%
TAMORETTI,2018,162,0.00%
CUPRA,2020,161,0.00%
WANGYE,2019,161,0.00%
MALAGUTI,2020,160,0.00%
MAN/VW,2018,160,0.00%
SMITHS,2022,160,0.00%
TOMOS,2022,160,0.00%
IVECO FORD,2021,159,0.00%
LADA,2018,159,0.00%
SKYJET,2019,159,0.00%
TRS,2022,159,0.00%
JIANSHE,2020,158,0.00%
SUNLIGHT,2019,158,0.00%
MOTOBECANE,2019,157,0.00%
ORION,2019,156,0.00%
AEON,2021,155,0.00%
AGRIFAC,2019,155,0.00%
MALAGUTI,2019,155,0.00%
ADRIA,2018,154,0.00%
CORVETTE,2021,154,0.00%
KARRIER,2019,154,0.00%
SFM,2018,154,0.00%
BUCHER,2022,153,0.00%
CORVETTE,2020,153,0.00%
OTHER JAPANESE/ASIAN,2020,153,0.00%
NIPPONIA,2019,152,0.00%
PILOTE,2018,152,0.00%
HERALD,2018,151,0.00%
HITACHI,2022,151,0.00%
NORTON VILL. TRIUMPH,2022,151,0.00%
SANTANA,2018,151,0.00%
JONWAY,2020,150,0.00%
MBK,2021,150,0.00%
PGO,2022,150,0.00%
SIMCA,2021,150,0.00%
SIMCA,2022,150,0.00%
KARRIER,2018,149,0.00%
KIDEN,2019,148,0.00%
SIMCA,2019,148,0.00%
SIMCA,2020,148,0.00%
MOTOBECANE,2018,147,0.00%
ARIIC,2019,146,0.00%
FREIGHT ROVER,2019,146,0.00%
BUGATTI,2018,145,0.00%
NORTON VILL. TRIUMPH,2021,145,0.00%
AJP,2018,144,0.00%
AEON,2020,143,0.00%
GOUPIL,2022,143,0.00%
KARRIER,2020,143,0.00%
LEYLAND NATIONAL,2022,143,0.00%
NIESMANN + BISCHOFF,2019,143,0.00%
OTHER JAPANESE/ASIAN,2021,142,0.00%
WHITE KNUCKLE,2022,141,0.00%
KARRIER,2021,140,0.00%
LANSING LINDE,2018,140,0.00%
SANTANA,2019,140,0.00%
MALAGUTI,2021,139,0.00%
FREIGHT ROVER,2020,138,0.00%
GENESIS,2021,138,0.00%
KARRIER,2022,138,0.00%
OTHER JAPANESE/ASIAN,2022,138,0.00%
SUKIDA,2019,138,0.00%
CORVETTE,2019,137,0.00%
KIDEN,2020,137,0.00%
MBK,2022,137,0.00%
SIMCA,2018,137,0.00%
ZONGSHEN,2019,137,0.00%
BUGATTI,2022,136,0.00%
MALAGUTI,2022,136,0.00%
TAMORETTI,2019,136,0.00%
AEON,2022,135,0.00%
CORVETTE,2018,135,0.00%
ALPINE,2018,134,0.00%
BUGATTI,2020,134,0.00%
IVECO FORD,2022,134,0.00%
KATO,2018,133,0.00%
KATO,2019,133,0.00%
TALARIA,2022,133,0.00%
BUGATTI,2021,132,0.00%
GENERAL MOTORS,2021,132,0.00%
HARBILT ELECTRIC,2018,132,0.00%
YAMASAKI,2020,132,0.00%
MOTO ROMA,2019,131,0.00%
NORTON VILL. TRIUMPH,2020,131,0.00%
ACCESS,2020,130,0.00%
AGRIFAC,2018,130,0.00%
ARIIC,2020,130,0.00%
GENERAL MOTORS,2022,130,0.00%
BUGATTI,2019,129,0.00%
JACOBSEN,2018,129,0.00%
MAXUS,2020,129,0.00%
NIESMANN + BISCHOFF,2018,129,0.00%
BATTISTINIS,2018,128,0.00%
CAPRI,2019,128,0.00%
JIANSHE,2021,128,0.00%
MAN/VW,2019,128,0.00%
CAPRI,2020,127,0.00%
GENERAL MOTORS,2020,127,0.00%
LEEWAY,2020,127,0.00%
CAPRI,2022,126,0.00%
NIPPI,2018,126,0.00%
NIPPONIA,2020,126,0.00%
SUKIDA,2020,126,0.00%
BATTISTINIS,2019,125,0.00%
CAPRI,2018,125,0.00%
LANSING LINDE,2019,125,0.00%
SKYJET,2020,125,0.00%
CAPRI,2021,124,0.00%
CLARK,2018,124,0.00%
FREIGHT ROVER,2021,124,0.00%
FREIGHT ROVER,2022,124,0.00%
MOTO ROMA,2020,124,0.00%
JACOBSEN,2019,123,0.00%
KING LONG,2018,123,0.00%
LEYLAND NATIONAL,2021,123,0.00%
NORTON VILL. TRIUMPH,2019,123,0.00%
SFM,2019,123,0.00%
SUPERBYKE,2021,123,0.00%
AEBI,2021,122,0.00%
AEBI,2022,122,0.00%
BEELINE,2021,122,0.00%
HONLEY,2022,122,0.00%
TAMORETTI,2020,122,0.00%
ACCESS,2018,121,0.00%
KATO,2020,121,0.00%
YIYING,2019,121,0.00%
ZONGSHEN,2020,121,0.00%
AEBI,2020,120,0.00%
LEYLAND REDLINE,2018,120,0.00%
NIPPI,2019,119,0.00%
SCORPA,2018,119,0.00%
UNIMOG,2022,119,0.00%
YADEA,2021,119,0.00%
BATTISTINIS,2021,118,0.00%
HARBILT ELECTRIC,2019,118,0.00%
JACOBSEN,2020,118,0.00%
SHINERAY,2018,118,0.00%
BATTISTINIS,2020,117,0.00%
LANSING LINDE,2020,117,0.00%
BATTISTINIS,2022,116,0.00%
KING LONG,2019,116,0.00%
TRS,2021,116,0.00%
LEYLAND AM,2021,115,0.00%
TATA,2020,115,0.00%
YINGANG,2018,115,0.00%
CARADO,2022,114,0.00%
MATHIEU,2022,114,0.00%
LANSING LINDE,2021,113,0.00%
LEYLAND NATIONAL,2019,113,0.00%
SCORPA,2019,113,0.00%
SHINERAY,2020,113,0.00%
AEBI,2019,112,0.00%
COSSACK,2022,112,0.00%
LEYLAND AM,2020,112,0.00%
LEYLAND AM,2022,112,0.00%
LEYLAND NATIONAL,2018,112,0.00%
LEYLAND REDLINE,2019,112,0.00%
PHEONIX,2018,112,0.00%
SANTANA,2020,112,0.00%
UNIMOG,2021,112,0.00%
MOTO ROMA,2021,111,0.00%
SUNRA,2022,111,0.00%
LEYLAND REDLINE,2021,110,0.00%
ZERO,2018,110,0.00%
KATO,2021,109,0.00%
LEEWAY,2021,109,0.00%
MAEVING,2022,109,0.00%
OTHER EAST EUROPEAN,2021,109,0.00%
ZHENHUA,2018,109,0.00%
ZONGSHEN,2021,108,0.00%
CARADO,2021,107,0.00%
CLARK,2021,107,0.00%
JIANSHE,2022,107,0.00%
LEEWAY,2022,107,0.00%
MAHINDRA,2022,107,0.00%
NORTON VILL. TRIUMPH,2018,107,0.00%
OTHER EAST EUROPEAN,2022,107,0.00%
BONSER,2018,106,0.00%
CLARK,2020,106,0.00%
COSSACK,2021,106,0.00%
LEYLAND REDLINE,2022,106,0.00%
PHEONIX,2021,106,0.00%
BONSER,2020,105,0.00%
GENERAL MOTORS,2019,105,0.00%
JACOBSEN,2021,105,0.00%
KIDEN,2021,105,0.00%
LEYLAND AM,2019,105,0.00%
AEBI,2018,104,0.00%
BONSER,2019,104,0.00%
GOUPIL,2021,104,0.00%
LEYLAND NATIONAL,2020,104,0.00%
LEYLAND REDLINE,2020,104,0.00%
SANTANA,2021,104,0.00%
SUPERBYKE,2022,104,0.00%
BASHAN,2020,103,0.00%
HITACHI,2021,103,0.00%
MOBILVETTA,2018,103,0.00%
PHEONIX,2019,103,0.00%
TATA,2021,103,0.00%
YIYING,2020,103,0.00%
CLARK,2019,102,0.00%
CORVUS,2022,102,0.00%
HSUN,2020,102,0.00%
KATO,2022,102,0.00%
LANSING LINDE,2022,102,0.00%
TAMORETTI,2021,102,0.00%
COLT,2022,101,0.00%
HARBILT ELECTRIC,2020,101,0.00%
VERTIGO,2021,101,0.00%
ARTISAN,2019,100,0.00%
HARTFORD,2018,100,0.00%
JINCHENG,2018,100,0.00%
OTHER EAST EUROPEAN,2018,100,0.00%
ALL WHEEL DRIVE,2018,99,0.00%
COSSACK,2020,99,0.00%
YINGANG,2019,99,0.00%
GENERAL MOTORS,2018,98,0.00%
HAKO,2022,98,0.00%
JOHN ALLEN,2018,98,0.00%
MAHINDRA,2018,98,0.00%
PHEONIX,2020,98,0.00%
SCORPA,2022,98,0.00%
SHINERAY,2019,98,0.00%
SUKIDA,2021,98,0.00%
BONSER,2021,97,0.00%
BONSER,2022,97,0.00%
JOHN ALLEN,2019,97,0.00%
GOUPIL,2018,96,0.00%
HARBILT ELECTRIC,2021,96,0.00%
JOHN ALLEN,2020,96,0.00%
LEYLAND AM,2018,96,0.00%
MAHINDRA,2020,96,0.00%
SCORPA,2020,96,0.00%
CLARK,2022,95,0.00%
ETRUSCO,2022,95,0.00%
HAOTIAN,2018,95,0.00%
JOHN ALLEN,2021,95,0.00%
JONWAY,2021,95,0.00%
MAHINDRA,2019,95,0.00%
MAHINDRA,2021,95,0.00%
NIPPI,2020,95,0.00%
DEMM,2018,94,0.00%
KING LONG,2021,94,0.00%
ZHENHUA,2019,94,0.00%
ZHENHUA,2020,94,0.00%
GOUPIL,2020,93,0.00%
JACOBSEN,2022,93,0.00%
MAN/VW,2020,93,0.00%
OTHER EAST EUROPEAN,2020,93,0.00%
RHON,2018,93,0.00%
SAKURA,2022,93,0.00%
ZONGSHEN,2022,93,0.00%
AEON,2019,92,0.00%
COLT,2021,92,0.00%
ELECTRIC MOTION,2022,92,0.00%
GOUPIL,2019,92,0.00%
JOHN ALLEN,2022,92,0.00%
KING LONG,2022,92,0.00%
NIPPONIA,2021,92,0.00%
OTHER EAST EUROPEAN,2019,92,0.00%
SANTANA,2022,92,0.00%
SUNLIGHT,2018,92,0.00%
ELECTRICARS,2018,91,0.00%
SCORPA,2021,91,0.00%
SFM,2020,91,0.00%
SILENCE,2021,91,0.00%
ACCESS,2021,90,0.00%
HARBILT ELECTRIC,2022,90,0.00%
SKYJET,2021,90,0.00%
YIYING,2021,90,0.00%
ZHENHUA,2021,90,0.00%
ARIIC,2021,89,0.00%
BENYE,2018,89,0.00%
COSSACK,2019,89,0.00%
ELECTRICARS,2019,89,0.00%
JINCHENG,2021,89,0.00%
THUMPSTAR,2022,89,0.00%
WHITLOCK BROS,2020,89,0.00%
BASHAN,2019,88,0.00%
BENYE,2019,88,0.00%
JINCHENG,2019,88,0.00%
ACCESS,2019,87,0.00%
COLT,2020,87,0.00%
SEGWAY,2021,87,0.00%
FARMTRAC,2022,86,0.00%
TRS,2020,86,0.00%
UNIMOG,2020,86,0.00%
WHITLOCK BROS,2018,86,0.00%
WHITLOCK BROS,2022,86,0.00%
BENYE,2020,85,0.00%
COLT,2019,85,0.00%
HARTFORD,2021,85,0.00%
JINCHENG,2020,85,0.00%
LVNENG,2022,85,0.00%
WHITLOCK BROS,2019,85,0.00%
WHITLOCK BROS,2021,85,0.00%
ALL WHEEL DRIVE,2019,84,0.00%
BASHAN,2021,83,0.00%
BRIXTON,2018,83,0.00%
NIPPI,2021,83,0.00%
ZHENHUA,2022,83,0.00%
BEELINE,2022,82,0.00%
ELECTRICARS,2020,82,0.00%
KING LONG,2020,82,0.00%
LINHAI,2022,82,0.00%
MAGIRUS DEUTZ,2018,82,0.00%
BASHAN,2022,81,0.00%
BIMOTA,2018,81,0.00%
MAGIRUS DEUTZ,2020,81,0.00%
MAGIRUS DEUTZ,2021,81,0.00%
MAN/VW,2021,81,0.00%
MATHIEU,2019,81,0.00%
SECMA,2018,81,0.00%
TM,2022,81,0.00%
BASHAN,2018,80,0.00%
TAMORETTI,2022,80,0.00%
BAROSSA,2018,79,0.00%
BRIT JEFFREY DIAMOND,2018,79,0.00%
ELECTRICARS,2021,79,0.00%
ELECTRICARS,2022,79,0.00%
ETRUSCO,2021,79,0.00%
UNIMOG,2019,79,0.00%
BENYE,2021,78,0.00%
COLT,2018,78,0.00%
DENNIS FIRE,2018,78,0.00%
HITACHI,2020,78,0.00%
MAGIRUS DEUTZ,2022,78,0.00%
METROCAB,2020,78,0.00%
ACCESS,2022,77,0.00%
MAGIRUS DEUTZ,2019,77,0.00%
MATHIEU,2021,77,0.00%
VOGE,2022,77,0.00%
BENYE,2022,76,0.00%
BIMOTA,2019,76,0.00%
GOVECS,2020,76,0.00%
MATHIEU,2018,76,0.00%
MGB,2021,76,0.00%
MOTO ROMA,2022,76,0.00%
NIPPONIA,2022,76,0.00%
BRIT JEFFREY DIAMOND,2019,75,0.00%
DEMM,2019,75,0.00%
DENNIS FIRE,2019,75,0.00%
GOVECS,2019,75,0.00%
YINGANG,2020,75,0.00%
AEON,2018,74,0.00%
GOVECS,2021,74,0.00%
SHINERAY,2021,74,0.00%
BIMOTA,2021,73,0.00%
BIMOTA,2022,73,0.00%
COSSACK,2018,72,0.00%
DENNIS FIRE,2020,72,0.00%
MORINI,2022,72,0.00%
SECMA,2019,72,0.00%
SPY RACING,2019,72,0.00%
BIMOTA,2020,71,0.00%
BOMBARDIER,2018,71,0.00%
BURSTNER,2018,71,0.00%
ELECTRIC MOTION,2021,71,0.00%
BRIT JEFFREY DIAMOND,2020,70,0.00%
GOVECS,2022,70,0.00%
MULTIDRIVE,2021,70,0.00%
SKYJET,2022,70,0.00%
TATA,2022,70,0.00%
GRINNALL,2018,69,0.00%
HARTFORD,2019,69,0.00%
NIPPI,2022,69,0.00%
SECMA,2020,69,0.00%
SUKIDA,2022,69,0.00%
SUR-RON,2019,69,0.00%
ADLY,2018,68,0.00%
ARTISAN,2018,68,0.00%
DENNIS FIRE,2021,68,0.00%
JINCHENG,2022,68,0.00%
MORINI,2021,68,0.00%
BOMBARDIER,2020,67,0.00%
HARTFORD,2020,67,0.00%
KIDEN,2022,67,0.00%
RHON,2019,67,0.00%
UNIMOG,2018,67,0.00%
BRIT JEFFREY DIAMOND,2021,66,0.00%
CARADO,2020,66,0.00%
HAOTIAN,2019,66,0.00%
JONWAY,2022,66,0.00%
MAYBACH,2019,66,0.00%
MOTOBI,2019,66,0.00%
MOTOBI,2020,66,0.00%
MULTIDRIVE,2020,66,0.00%
MULTIDRIVE,2022,66,0.00%
NEVAL,2018,66,0.00%
QUADRO,2021,66,0.00%
SFM,2021,66,0.00%
SHIRE,2018,66,0.00%
XGJAO,2018,66,0.00%
DEMM,2020,65,0.00%
HY-MAC LTD,2019,65,0.00%
LVNENG,2021,65,0.00%
MULTIDRIVE,2019,65,0.00%
PINZGAUER,2022,65,0.00%
UBCO,2022,65,0.00%
ALL WHEEL DRIVE,2020,64,0.00%
GRINNALL,2019,64,0.00%
HY-MAC LTD,2021,64,0.00%
KINROAD,2018,64,0.00%
MATHIEU,2020,64,0.00%
MOTOBI,2018,64,0.00%
RHON,2020,64,0.00%
TM,2020,64,0.00%
TM,2021,64,0.00%
WANGYE,2018,64,0.00%
BOMBARDIER,2021,63,0.00%
BRIT JEFFREY DIAMOND,2022,63,0.00%
CLAYTON,2019,63,0.00%
CLAYTON,2020,63,0.00%
ERIDER,2019,63,0.00%
HUATIAN,2018,63,0.00%
HY-MAC LTD,2018,63,0.00%
INDCAR,2022,63,0.00%
LINHAI,2021,63,0.00%
QUADRO,2020,63,0.00%
SECMA,2022,63,0.00%
SHIRE,2019,63,0.00%
BAROSSA,2020,62,0.00%
BOMBARDIER,2022,62,0.00%
HY-MAC LTD,2020,62,0.00%
ITINEO,2022,62,0.00%
MAN/VW,2022,62,0.00%
MORINI,2019,62,0.00%
MOTORHISPANIA,2018,62,0.00%
MULTIDRIVE,2018,62,0.00%
SFM,2022,62,0.00%
SHIRE,2020,62,0.00%
TGB,2019,62,0.00%
ARIIC,2022,61,0.00%
BOMBARDIER,2019,61,0.00%
CLAYTON,2021,61,0.00%
CLAYTON,2022,61,0.00%
LEYLAND SCOTSTOUN,2018,61,0.00%
LHY,2019,61,0.00%
ADLY,2019,60,0.00%
CLAYTON,2018,60,0.00%
DEMM,2021,60,0.00%
DENNIS FIRE,2022,60,0.00%
HAOTIAN,2020,60,0.00%
INDCAR,2021,60,0.00%
INVACAR,2022,60,0.00%
KINROAD,2019,60,0.00%
LINER,2019,60,0.00%
LINER,2020,60,0.00%
MORINI,2018,60,0.00%
NEVAL,2019,60,0.00%
SECMA,2021,60,0.00%
YINGANG,2021,60,0.00%
ADLY,2020,59,0.00%
ERIDER,2018,59,0.00%
HY-MAC LTD,2022,59,0.00%
INVACAR,2021,59,0.00%
LEYLAND SCOTSTOUN,2019,59,0.00%
LINER,2018,59,0.00%
LINER,2021,59,0.00%
LINER,2022,59,0.00%
MAYBACH,2018,59,0.00%
PHEONIX,2022,59,0.00%
FOSTI,2020,58,0.00%
LEYLAND SCOTSTOUN,2022,58,0.00%
MORINI,2020,58,0.00%
SHIRE,2021,58,0.00%
ERIDER,2020,57,0.00%
INDCAR,2019,57,0.00%
ITINEO,2021,57,0.00%
JINLING,2018,57,0.00%
LEYLAND SCOTSTOUN,2020,57,0.00%
SPY RACING,2020,57,0.00%
BAROSSA,2019,56,0.00%
GRINNALL,2020,56,0.00%
LONCIN,2018,56,0.00%
MAYBACH,2020,56,0.00%
SAKURA,2021,56,0.00%
ARIIC,2018,55,0.00%
GRINNALL,2021,55,0.00%
GRINNALL,2022,55,0.00%
TM,2019,55,0.00%
YIYING,2022,55,0.00%
BTM,2018,54,0.00%
EAGLE,2022,54,0.00%
KINROAD,2020,54,0.00%
QUADRO,2022,54,0.00%
DI BLASI,2018,53,0.00%
HARTFORD,2022,53,0.00%
HITACHI,2019,53,0.00%
LEYLAND SCOTSTOUN,2021,53,0.00%
MAYBACH,2021,53,0.00%
METROCAB,2021,53,0.00%
MOTOBI,2021,53,0.00%
QUADRO,2019,53,0.00%
SPY RACING,2018,53,0.00%
XGJAO,2019,53,0.00%
APPLIED SWEEPER,2018,52,0.00%
DI BLASI,2020,52,0.00%
MCW,2018,52,0.00%
NEVAL,2020,52,0.00%
RHON,2021,52,0.00%
SHIRE,2022,52,0.00%
YINGANG,2022,52,0.00%
ALL WHEEL DRIVE,2021,51,0.00%
BAROSSA,2021,51,0.00%
DE TOMASO,2021,51,0.00%
DI BLASI,2019,51,0.00%
HSUN,2019,51,0.00%
INVACAR,2018,51,0.00%
ITINEO,2020,51,0.00%
LE VOYAGEUR,2022,51,0.00%
WARTBURG,2019,51,0.00%
ERIDER,2021,50,0.00%
JINLING,2019,50,0.00%
MAYBACH,2022,50,0.00%
DE TOMASO,2022,49,0.00%
HOLMER EXXACT,2021,49,0.00%
MOTOBI,2022,49,0.00%
THUMPSTAR,2021,49,0.00%
BUCHER,2021,48,0.00%
HOLMER EXXACT,2022,48,0.00%
LINHAI,2018,48,0.00%
NEVAL,2021,48,0.00%
NEVAL,2022,48,0.00%
QUADRO,2018,48,0.00%
WARTBURG,2018,48,0.00%
DE TOMASO,2019,47,0.00%
LINHAI,2019,47,0.00%
LVTONG,2022,47,0.00%
RHON,2022,47,0.00%
TM,2018,47,0.00%
VECTRIX,2021,47,0.00%
WARTBURG,2022,47,0.00%
ADLY,2021,46,0.00%
BATAVUS,2022,46,0.00%
BYD,2019,46,0.00%
DE TOMASO,2020,46,0.00%
DI BLASI,2021,46,0.00%
ENERGICA,2022,46,0.00%
FOSTI,2019,46,0.00%
FOSTI,2021,46,0.00%
INDCAR,2020,46,0.00%
JINLING,2020,46,0.00%
SPY RACING,2021,46,0.00%
VECTRIX,2022,46,0.00%
VOLKSWAGEN  COMM,2021,46,0.00%
BATAVUS,2020,45,0.00%
BTM,2019,45,0.00%
EAGLE,2021,45,0.00%
INVACAR,2019,45,0.00%
LINHAI,2020,45,0.00%
LONCIN,2019,45,0.00%
LONCIN,2022,45,0.00%
VOLKSWAGEN  COMM,2022,45,0.00%
WARTBURG,2020,45,0.00%
AUTOSAN,2018,44,0.00%
AUTOSAN,2019,44,0.00%
DE TOMASO,2018,44,0.00%
DEMM,2022,44,0.00%
ITINEO,2019,44,0.00%
METROCAB,2022,44,0.00%
SAVIEM,2018,44,0.00%
SAVIEM,2019,44,0.00%
VECTRIX,2019,44,0.00%
VOLKSWAGEN  COMM,2019,44,0.00%
VOLKSWAGEN  COMM,2020,44,0.00%
W+E,2018,44,0.00%
W+E,2019,44,0.00%
ADLY,2022,43,0.00%
ATLAS,2021,43,0.00%
DI BLASI,2022,43,0.00%
INVACAR,2020,43,0.00%
PINZGAUER,2021,43,0.00%
SCUTUM,2021,43,0.00%
SHINERAY,2022,43,0.00%
TORROT,2019,43,0.00%
VECTRIX,2018,43,0.00%
WARTBURG,2021,43,0.00%
WLIE,2020,43,0.00%
XGJAO,2020,43,0.00%
ACURA,2019,42,0.00%
ALL WHEEL DRIVE,2022,42,0.00%
APPLIED SWEEPER,2019,42,0.00%
ATLAS,2019,42,0.00%
BATAVUS,2019,42,0.00%
E-MAX,2021,42,0.00%
SUNRA,2021,42,0.00%
TORROT,2018,42,0.00%
VECTRIX,2020,42,0.00%
W+E,2021,42,0.00%
W+E,2022,42,0.00%
ASKOLL,2020,41,0.00%
ATLAS,2018,41,0.00%
ATLAS,2020,41,0.00%
BATAVUS,2021,41,0.00%
HOLMER EXXACT,2020,41,0.00%
MCW,2019,41,0.00%
MCW,2022,41,0.00%
SIMSON,2020,41,0.00%
AUTOSAN,2020,40,0.00%
BAROSSA,2022,40,0.00%
BULLIT MOTORCYCLES,2022,40,0.00%
ERIDER,2022,40,0.00%
HAOTIAN,2021,40,0.00%
JIALING,2018,40,0.00%
LONCIN,2020,40,0.00%
SAVIEM,2020,40,0.00%
SIMSON,2022,40,0.00%
ACURA,2020,39,0.00%
ATLAS,2022,39,0.00%
EAGLE,2020,39,0.00%
HOLMER EXXACT,2019,39,0.00%
HUATIAN,2019,39,0.00%
KINROAD,2021,39,0.00%
MCW,2021,39,0.00%
SIMSON,2021,39,0.00%
W+E,2020,39,0.00%
ACURA,2018,38,0.00%
BULLIT MOTORCYCLES,2021,38,0.00%
HONGDOU,2018,38,0.00%
JINLING,2021,38,0.00%
SCUTUM,2019,38,0.00%
TIAYING,2022,38,0.00%
VOLKSWAGEN  COMM,2018,38,0.00%
BLAW KNOX,2018,37,0.00%
BLAW KNOX,2019,37,0.00%
BLAW KNOX,2022,37,0.00%
COMBILIFT,2022,37,0.00%
FARMTRAC,2021,37,0.00%
FOREST RIVER,2018,37,0.00%
FOSTI,2022,37,0.00%
LE VOYAGEUR,2021,37,0.00%
R-VISION,2019,37,0.00%
SAVIEM,2021,37,0.00%
SIMSON,2019,37,0.00%
ACURA,2021,36,0.00%
BLAW KNOX,2020,36,0.00%
BLAW KNOX,2021,36,0.00%
BTM,2020,36,0.00%
HONGDOU,2020,36,0.00%
HONGDOU,2021,36,0.00%
LONCIN,2021,36,0.00%
MOTORHISPANIA,2020,36,0.00%
SAVIEM,2022,36,0.00%
SPY RACING,2022,36,0.00%
ZHONGNENG,2020,36,0.00%
AUTOSAN,2021,35,0.00%
AVIA,2018,35,0.00%
CHAMP,2020,35,0.00%
COOPOP,2022,35,0.00%
FOREST RIVER,2022,35,0.00%
HOLMER EXXACT,2018,35,0.00%
BRANSON,2018,34,0.00%
BRP,2018,34,0.00%
HAOTIAN,2022,34,0.00%
HONGDOU,2019,34,0.00%
JIALING,2019,34,0.00%
KINROAD,2022,34,0.00%
MULTIHOG,2022,34,0.00%
OSSA,2022,34,0.00%
SANYA,2018,34,0.00%
EXPLORER,2018,33,0.00%
EXPLORER,2019,33,0.00%
FOREST RIVER,2019,33,0.00%
GIANTCO,2018,33,0.00%
R-VISION,2018,33,0.00%
SCUTUM,2018,33,0.00%
SONIK,2018,33,0.00%
APPLIED SWEEPER,2020,32,0.00%
BITELLI,2018,32,0.00%
BRANSON,2019,32,0.00%
EXPLORER,2020,32,0.00%
HONGDOU,2022,32,0.00%
LIN-HAI,2022,32,0.00%
ROLLER TEAM,2021,32,0.00%
UBCO,2021,32,0.00%
AVIA,2019,31,0.00%
BATAVUS,2018,31,0.00%
CHITUMA,2018,31,0.00%
EXPLORER,2021,31,0.00%
FOREST RIVER,2020,31,0.00%
HORWIN,2020,31,0.00%
ROMET MOTORS,2019,31,0.00%
R-VISION,2021,31,0.00%
TONG YANG,2020,31,0.00%
TONG YANG,2021,31,0.00%
WUYANG,2018,31,0.00%
APPLIED SWEEPER,2021,30,0.00%
CARADO,2019,30,0.00%
EXPLORER,2022,30,0.00%
FOREST RIVER,2021,30,0.00%
FSO CARS,2021,30,0.00%
HAKO,2021,30,0.00%
HUATIAN,2020,30,0.00%
INDCAR,2018,30,0.00%
JIALING,2021,30,0.00%
MCW,2020,30,0.00%
SANYA,2020,30,0.00%
SP MOTO,2018,30,0.00%
TONG YANG,2019,30,0.00%
TONG YANG,2022,30,0.00%
ASKOLL,2019,29,0.00%
BITELLI,2019,29,0.00%
CHAMP,2021,29,0.00%
ECOOTER,2020,29,0.00%
FSO CARS,2019,29,0.00%
MAGNI,2022,29,0.00%
MOTORHISPANIA,2022,29,0.00%
PINZGAUER,2019,29,0.00%
REGENT,2018,29,0.00%
SONIK,2019,29,0.00%
AM GENERAL,2022,28,0.00%
CHAMP,2022,28,0.00%
FSO CARS,2022,28,0.00%
JIALING,2020,28,0.00%
KAISAR,2018,28,0.00%
LE VOYAGEUR,2020,28,0.00%
ORA,2022,28,0.00%
SANYA,2019,28,0.00%
TONG YANG,2018,28,0.00%
VULCAN,2018,28,0.00%
AUTOSAN,2022,27,0.00%
BILIS,2022,27,0.00%
BRANSON,2020,27,0.00%
BTM,2021,27,0.00%
FSO CARS,2018,27,0.00%
MOTORHISPANIA,2019,27,0.00%
NIU,2018,27,0.00%
ROLLER TEAM,2019,27,0.00%
ROLLER TEAM,2020,27,0.00%
SD,2019,27,0.00%
SIAMOTO,2018,27,0.00%
SIMSON,2018,27,0.00%
VOGE,2021,27,0.00%
WLIE,2022,27,0.00%
FSO CARS,2020,26,0.00%
GPX,2022,26,0.00%
ITINEO,2018,26,0.00%
REGENT,2019,26,0.00%
R-VISION,2022,26,0.00%
SD,2018,26,0.00%
WLIE,2021,26,0.00%
BD,2021,25,0.00%
BD,2022,25,0.00%
BETTER,2018,25,0.00%
CHITUMA,2019,25,0.00%
HUATIAN,2021,25,0.00%
MULTIHOG,2021,25,0.00%
PINZGAUER,2020,25,0.00%
REGENT,2021,25,0.00%
ROLLER TEAM,2022,25,0.00%
SIAMOTO,2019,25,0.00%
THUMPSTAR,2020,25,0.00%
ZENOS,2018,25,0.00%
ACURA,2022,24,0.00%
ECOOTER,2022,24,0.00%
GIANTCO,2019,24,0.00%
GO-KART,2020,24,0.00%
LIN-HAI,2021,24,0.00%
OSSA,2021,24,0.00%
PINZGAUER,2018,24,0.00%
REGENT,2022,24,0.00%
R-VISION,2020,24,0.00%
TORROT,2020,24,0.00%
URBAN,2018,24,0.00%
XINLING,2018,24,0.00%
ZASTAVA,2022,24,0.00%
ZENOS,2019,24,0.00%
ALKE,2022,23,0.00%
APPLIED SWEEPER,2022,23,0.00%
AVIA,2020,23,0.00%
BITELLI,2020,23,0.00%
BRANSON,2022,23,0.00%
CHAMP,2019,23,0.00%
GO-KART,2019,23,0.00%
HOUSEHAM,2022,23,0.00%
JM STAR,2018,23,0.00%
MOKE AUTOMIBILI,2021,23,0.00%
MOKE AUTOMIBILI,2022,23,0.00%
OSSA,2020,23,0.00%
ROMET MOTORS,2020,23,0.00%
SCUTUM,2020,23,0.00%
WLIE,2019,23,0.00%
ASIA,2020,22,0.00%
BRANSON,2021,22,0.00%
ECOOTER,2021,22,0.00%
EFUN,2022,22,0.00%
HARLEY DAVIDSON,2022,22,0.00%
HYDREMA,2022,22,0.00%
LE VOYAGEUR,2019,22,0.00%
MAGNI,2021,22,0.00%
MOTORHISPANIA,2021,22,0.00%
NOOMA,2020,22,0.00%
NOOMA,2021,22,0.00%
SANBEN,2018,22,0.00%
SD,2022,22,0.00%
THUMPSTAR,2018,22,0.00%
ZASTAVA,2018,22,0.00%
CASAL,2021,21,0.00%
CHITUMA,2020,21,0.00%
ENERGICA,2021,21,0.00%
GO-KART,2018,21,0.00%
MULTIHOG,2020,21,0.00%
ROMET MOTORS,2021,21,0.00%
SD,2020,21,0.00%
SD,2021,21,0.00%
SKYGO,2018,21,0.00%
WUYANG,2019,21,0.00%
XGJAO,2021,21,0.00%
YADEA,2020,21,0.00%
BITELLI,2021,20,0.00%
CASAL,2022,20,0.00%
CECTEK,2018,20,0.00%
DAYUN,2018,20,0.00%
ETRUSCO,2020,20,0.00%
GIANTCO,2021,20,0.00%
LIN-HAI,2020,20,0.00%
REDROCK,2018,20,0.00%
REDROCK,2020,20,0.00%
TRS,2019,20,0.00%
ASIA,2019,19,0.00%
BLUROC,2021,19,0.00%
BTM,2022,19,0.00%
DAYI MOTOR,2022,19,0.00%
GO-KART,2022,19,0.00%
HARLEY DAVIDSON,2021,19,0.00%
JINLING,2022,19,0.00%
MG XPOWER,2018,19,0.00%
MULTIHOG,2019,19,0.00%
OSSA,2018,19,0.00%
OSSA,2019,19,0.00%
SANYA,2021,19,0.00%
SIAMOTO,2020,19,0.00%
ZASTAVA,2021,19,0.00%
ZENOS,2020,19,0.00%
ZHONGNENG,2018,19,0.00%
ASIA,2018,18,0.00%
AVIA,2021,18,0.00%
BITELLI,2022,18,0.00%
CASAL,2019,18,0.00%
CASAL,2020,18,0.00%
CECTEK,2019,18,0.00%
FYM,2021,18,0.00%
GIANTCO,2020,18,0.00%
JIALING,2022,18,0.00%
KANUNI,2018,18,0.00%
LIGIER,2021,18,0.00%
MAGNI,2019,18,0.00%
REDROCK,2021,18,0.00%
REGENT,2020,18,0.00%
SAKURA,2020,18,0.00%
SKYGO,2019,18,0.00%
UNI CARRIERS,2022,18,0.00%
URBAN,2019,18,0.00%
VDL BOVA,2018,18,0.00%
WUYANG,2020,18,0.00%
ZASTAVA,2019,18,0.00%
ZENOS,2022,18,0.00%
BAVARIA,2019,17,0.00%
CECTEK,2020,17,0.00%
CH RACING,2018,17,0.00%
COOPOP,2021,17,0.00%
CORVUS,2021,17,0.00%
FYM,2018,17,0.00%
HUATIAN,2022,17,0.00%
KAISAR,2019,17,0.00%
NOOMA,2019,17,0.00%
NOOMA,2022,17,0.00%
REDROCK,2022,17,0.00%
SANYA,2022,17,0.00%
SKYWING,2022,17,0.00%
SLINGSHOT,2018,17,0.00%
SP MOTO,2019,17,0.00%
URBAN,2020,17,0.00%
XINGYUE,2018,17,0.00%
XINGYUE,2019,17,0.00%
XINLING,2019,17,0.00%
ZASTAVA,2020,17,0.00%
AM GENERAL,2019,16,0.00%
AM GENERAL,2020,16,0.00%
BAVARIA,2022,16,0.00%
CASAL,2018,16,0.00%
CHITUMA,2021,16,0.00%
EBRO,2020,16,0.00%
FOSTI,2018,16,0.00%
GIANTCO,2022,16,0.00%
MAGNI,2020,16,0.00%
REDROCK,2019,16,0.00%
SANBEN,2019,16,0.00%
SKYGO,2022,16,0.00%
SP MOTO,2020,16,0.00%
SUR-RON,2018,16,0.00%
TGB,2018,16,0.00%
VDL BOVA,2019,16,0.00%
VDL BOVA,2022,16,0.00%
VOLGA,2021,16,0.00%
VOLGA,2022,16,0.00%
XGJAO,2022,16,0.00%
XINLING,2021,16,0.00%
YIBEN MEIDUO,2018,16,0.00%
Z Y MOTOR,2019,16,0.00%
ZENOS,2021,16,0.00%
AVIA,2022,15,0.00%
BAVARIA,2020,15,0.00%
BAVARIA,2021,15,0.00%
BILIS,2021,15,0.00%
BREMACH,2018,15,0.00%
EBRO,2018,15,0.00%
EBRO,2019,15,0.00%
FYM,2022,15,0.00%
HARLEY DAVIDSON,2019,15,0.00%
JM STAR,2019,15,0.00%
KAISAR,2020,15,0.00%
KAISAR,2021,15,0.00%
LIGIER,2022,15,0.00%
LVNENG,2020,15,0.00%
MAGNI,2018,15,0.00%
MEGELLI,2018,15,0.00%
MOSKVICH,2021,15,0.00%
ROMET MOTORS,2018,15,0.00%
SANBEN,2021,15,0.00%
VULCAN,2020,15,0.00%
WUYANG,2022,15,0.00%
ASIA,2022,14,0.00%
BETTER,2019,14,0.00%
CARADO,2018,14,0.00%
CH RACING,2019,14,0.00%
CHITUMA,2022,14,0.00%
CTM,2019,14,0.00%
CTM,2020,14,0.00%
FYM,2019,14,0.00%
FYM,2020,14,0.00%
LIN-HAI,2019,14,0.00%
MG XPOWER,2021,14,0.00%
MODEC,2018,14,0.00%
MOSKVICH,2020,14,0.00%
POLARIS INDUSTRIES,2020,14,0.00%
POLARIS INDUSTRIES,2021,14,0.00%
SANBEN,2020,14,0.00%
SKYGO,2021,14,0.00%
SLINGSHOT,2019,14,0.00%
THUMPSTAR,2019,14,0.00%
UAZ,2022,14,0.00%
URBAN,2021,14,0.00%
URBAN,2022,14,0.00%
VDL BOVA,2021,14,0.00%
VOLGA,2020,14,0.00%
VULCAN,2019,14,0.00%
AM GENERAL,2018,13,0.00%
ASIA,2021,13,0.00%
BETTER,2022,13,0.00%
BREMACH,2019,13,0.00%
CECTEK,2021,13,0.00%
COMBILIFT,2021,13,0.00%
CTM,2018,13,0.00%
DAYUN,2019,13,0.00%
EBRO,2021,13,0.00%
GO-KART,2021,13,0.00%
HARLEY DAVIDSON,2020,13,0.00%
KASSBOHRER,2018,13,0.00%
MG XPOWER,2019,13,0.00%
MOSKVICH,2022,13,0.00%
MOXY,2018,13,0.00%
MULTIHOG,2018,13,0.00%
NFM,2018,13,0.00%
NFM,2021,13,0.00%
POLARIS INDUSTRIES,2019,13,0.00%
SKYGO,2020,13,0.00%
SKYWING,2018,13,0.00%
SONIK,2020,13,0.00%
SP MOTO,2021,13,0.00%
TROMOX,2022,13,0.00%
UMM,2018,13,0.00%
UMM,2019,13,0.00%
UMM,2021,13,0.00%
UMM,2022,13,0.00%
VULCAN,2021,13,0.00%
Z Y MOTOR,2021,13,0.00%
AM GENERAL,2021,12,0.00%
ARRIVAL,2022,12,0.00%
BAVARIA,2018,12,0.00%
BETTER,2020,12,0.00%
BREMACH,2021,12,0.00%
BREMACH,2022,12,0.00%
CHONGQING,2018,12,0.00%
CHONGQING,2020,12,0.00%
CTM,2021,12,0.00%
DAJIANG,2018,12,0.00%
DAJIANG,2019,12,0.00%
EFUN,2021,12,0.00%
FEIYING,2018,12,0.00%
JM STAR,2020,12,0.00%
KAZUMA,2018,12,0.00%
KAZUMA,2019,12,0.00%
MAXUS,2018,12,0.00%
MG XPOWER,2022,12,0.00%
MIA,2018,12,0.00%
MOSKVICH,2019,12,0.00%
NOOMA,2018,12,0.00%
POR,2018,12,0.00%
POR,2020,12,0.00%
SLINGSHOT,2020,12,0.00%
STUART TAYLOR,2018,12,0.00%
STUART TAYLOR,2020,12,0.00%
UAZ,2021,12,0.00%
VOLGA,2019,12,0.00%
WUYANG,2021,12,0.00%
XINLING,2020,12,0.00%
YAMASAKI,2019,12,0.00%
Z Y MOTOR,2020,12,0.00%
BREMACH,2020,11,0.00%
CHAMP,2018,11,0.00%
DAYUN,2020,11,0.00%
EBRO,2022,11,0.00%
EUCLID,2022,11,0.00%
GAZ,2020,11,0.00%
GOKA,2022,11,0.00%
HARLEY DAVIDSON,2018,11,0.00%
KAISAR,2022,11,0.00%
MAXUS,2019,11,0.00%
MG XPOWER,2020,11,0.00%
MIA,2022,11,0.00%
MODENAS,2020,11,0.00%
MOKE AUTOMIBILI,2020,11,0.00%
POLSKI-FIAT,2021,11,0.00%
POLSKI-FIAT,2022,11,0.00%
PS MOTOR MANET,2021,11,0.00%
ROMET MOTORS,2022,11,0.00%
SONIK,2022,11,0.00%
SP MOTO,2022,11,0.00%
STROMER,2021,11,0.00%
STUART TAYLOR,2019,11,0.00%
SUMOTO,2021,11,0.00%
SUZUKI BIKES,2019,11,0.00%
TAISHAN,2018,11,0.00%
TAISHAN,2019,11,0.00%
TORROT,2021,11,0.00%
UMM,2020,11,0.00%
URSUS,2019,11,0.00%
VOLGA,2018,11,0.00%
VOLVO TRUCKS,2022,11,0.00%
YIBEN MEIDUO,2020,11,0.00%
YUAN,2021,11,0.00%
BETTER,2021,10,0.00%
CH RACING,2022,10,0.00%
CHUNLAN,2019,10,0.00%
EUCLID,2019,10,0.00%
EVT,2018,10,0.00%
FACTORY,2021,10,0.00%
FACTORY,2022,10,0.00%
GAZ,2022,10,0.00%
GOKA,2018,10,0.00%
JM STAR,2021,10,0.00%
KANUNI,2019,10,0.00%
KANUNI,2020,10,0.00%
KASSBOHRER,2022,10,0.00%
KAZUMA,2021,10,0.00%
KEEN,2018,10,0.00%
LIGIER,2018,10,0.00%
LIGIER,2019,10,0.00%
MEGELLI,2019,10,0.00%
MEGELLI,2020,10,0.00%
MIA,2020,10,0.00%
MIA,2021,10,0.00%
MODEC,2019,10,0.00%
MODENAS,2021,10,0.00%
MOXY,2019,10,0.00%
NFM,2019,10,0.00%
NFM,2020,10,0.00%
POLARIS INDUSTRIES,2022,10,0.00%
POLSKI-FIAT,2020,10,0.00%
SIAMOTO,2021,10,0.00%
SLINGSHOT,2021,10,0.00%
STROMER,2020,10,0.00%
STROMER,2022,10,0.00%
SUMOTO,2018,10,0.00%
SUMOTO,2019,10,0.00%
SUMOTO,2020,10,0.00%
SUZUKI BIKES,2020,10,0.00%
URSUS,2018,10,0.00%
XINGYUE,2020,10,0.00%
XINLING,2022,10,0.00%
YIBEN MEIDUO,2019,10,0.00%
ZHONGNENG,2019,10,0.00%
CECTEK,2022,9,0.00%
CHUNLAN,2018,9,0.00%
CHUNLAN,2021,9,0.00%
CTM,2022,9,0.00%
DAYANG,2018,9,0.00%
EAGLE,2019,9,0.00%
ETON,2018,9,0.00%
EUCLID,2018,9,0.00%
EUCLID,2020,9,0.00%
EUCLID,2021,9,0.00%
FACTORY,2020,9,0.00%
GAZ,2021,9,0.00%
GOKA,2020,9,0.00%
HSUN,2018,9,0.00%
HUASHA,2018,9,0.00%
KAZUMA,2022,9,0.00%
LVTONG,2021,9,0.00%
MEGELLI,2021,9,0.00%
MIA,2019,9,0.00%
MODENAS,2018,9,0.00%
MODENAS,2019,9,0.00%
MOKE AUTOMIBILI,2019,9,0.00%
MOSKVICH,2018,9,0.00%
NFM,2022,9,0.00%
POLSKI-FIAT,2019,9,0.00%
POR,2021,9,0.00%
SANBEN,2022,9,0.00%
SHENKE,2018,9,0.00%
SIAMOTO,2022,9,0.00%
SONIK,2021,9,0.00%
SUPERMOTO,2022,9,0.00%
SUZUKI BIKES,2018,9,0.00%
SUZUKI BIKES,2021,9,0.00%
SUZUKI BIKES,2022,9,0.00%
URSUS,2020,9,0.00%
URSUS,2021,9,0.00%
URSUS,2022,9,0.00%
VERTIGO,2020,9,0.00%
XINGYUE,2022,9,0.00%
YIBEN MEIDUO,2021,9,0.00%
YUAN,2020,9,0.00%
Z Y MOTOR,2018,9,0.00%
ALKE,2021,8,0.00%
AVANTI,2018,8,0.00%
BRA,2022,8,0.00%
BRITISH TRACKSTAR,2020,8,0.00%
CAKE,2022,8,0.00%
CH RACING,2020,8,0.00%
CHONGQING,2019,8,0.00%
CLASSIC CUSTOM,2021,8,0.00%
CLASSIC CUSTOM,2022,8,0.00%
CLASSIC REPLICAS,2019,8,0.00%
CLASSIC REPLICAS,2020,8,0.00%
CLASSIC REPLICAS,2021,8,0.00%
DAJIANG,2020,8,0.00%
DAJIANG,2021,8,0.00%
DAYUN,2021,8,0.00%
FEIYING,2019,8,0.00%
GOKA,2019,8,0.00%
GOKA,2021,8,0.00%
HERCHE,2018,8,0.00%
HERCHE,2020,8,0.00%
HONGYI,2019,8,0.00%
KASSBOHRER,2019,8,0.00%
KOENIGSEGG,2022,8,0.00%
LE VOYAGEUR,2018,8,0.00%
LIGIER,2020,8,0.00%
LIN-HAI,2018,8,0.00%
MODENAS,2022,8,0.00%
MOXY,2020,8,0.00%
MOXY,2021,8,0.00%
NORTON VILLIERS,2019,8,0.00%
POR,2019,8,0.00%
POR,2022,8,0.00%
SANYANG,2021,8,0.00%
SAXON,2021,8,0.00%
SKYWING,2021,8,0.00%
SLINGSHOT,2022,8,0.00%
TAISHAN,2022,8,0.00%
VALPADANA,2018,8,0.00%
XINGYUE,2021,8,0.00%
Z Y MOTOR,2022,8,0.00%
ZENNCO,2018,8,0.00%
ATALA,2021,7,0.00%
AVANTI,2019,7,0.00%
AVANTI,2020,7,0.00%
BRA,2021,7,0.00%
BRITISH TRACKSTAR,2019,7,0.00%
CH RACING,2021,7,0.00%
CHONGQING,2021,7,0.00%
CHUNLAN,2020,7,0.00%
CLASSIC CUSTOM,2018,7,0.00%
CLASSIC CUSTOM,2019,7,0.00%
CLASSIC REPLICAS,2018,7,0.00%
CLASSIC REPLICAS,2022,7,0.00%
DIAMOND,2022,7,0.00%
ECOOTER,2019,7,0.00%
EOS,2018,7,0.00%
EVT,2021,7,0.00%
EVT,2022,7,0.00%
FEIYING,2020,7,0.00%
GAZ,2019,7,0.00%
GSMOON,2020,7,0.00%
HAMMERHEAD,2021,7,0.00%
HONGYI,2021,7,0.00%
JIANGLING,2018,7,0.00%
JIANGLING,2019,7,0.00%
JM STAR,2022,7,0.00%
KANUNI,2021,7,0.00%
KAZUMA,2020,7,0.00%
KEEN,2020,7,0.00%
KEEN,2021,7,0.00%
KOENIGSEGG,2018,7,0.00%
KOENIGSEGG,2019,7,0.00%
MODEC,2022,7,0.00%
MOXY,2022,7,0.00%
NOBLE,2018,7,0.00%
POLARIS INDUSTRIES,2018,7,0.00%
POLSKI-FIAT,2018,7,0.00%
PS MOTOR MANET,2022,7,0.00%
ROLLER TEAM,2018,7,0.00%
SANYANG,2018,7,0.00%
SAXON,2018,7,0.00%
SKYWING,2019,7,0.00%
STROMER,2018,7,0.00%
STROMER,2019,7,0.00%
STUART TAYLOR,2021,7,0.00%
SUPERMOTO,2018,7,0.00%
TAISHAN,2020,7,0.00%
UAZ,2018,7,0.00%
VULCAN,2022,7,0.00%
YUAN,2018,7,0.00%
YUAN,2019,7,0.00%
ATALA,2022,6,0.00%
BARONI,2018,6,0.00%
BARONI,2022,6,0.00%
BRA,2020,6,0.00%
CHONGQING,2022,6,0.00%
CLASSIC CUSTOM,2020,6,0.00%
DAYANG,2019,6,0.00%
DIAMOND,2018,6,0.00%
DIAMOND,2020,6,0.00%
DIAMOND,2021,6,0.00%
ETESIA,2022,6,0.00%
EVT,2020,6,0.00%
FACTORY,2019,6,0.00%
FARBOUD,2018,6,0.00%
GAZ,2018,6,0.00%
GEHL,2020,6,0.00%
GIBBS TECHNOLOGIES,2021,6,0.00%
GSMOON,2018,6,0.00%
GSMOON,2019,6,0.00%
HERCHE,2019,6,0.00%
HUASHA,2020,6,0.00%
HUASHA,2021,6,0.00%
IBC,2019,6,0.00%
KEEN,2019,6,0.00%
KOENIGSEGG,2020,6,0.00%
KOENIGSEGG,2021,6,0.00%
MARTIN CONQUEST,2018,6,0.00%
MODEC,2020,6,0.00%
MODEC,2021,6,0.00%
NECHT,2018,6,0.00%
NOBLE,2021,6,0.00%
OVER,2018,6,0.00%
PAXSTER,2022,6,0.00%
POCLAIN,2018,6,0.00%
POCLAIN,2019,6,0.00%
POCLAIN,2020,6,0.00%
POCLAIN,2021,6,0.00%
PS MOTOR MANET,2018,6,0.00%
SANYANG,2020,6,0.00%
SAXON,2019,6,0.00%
SHENKE,2019,6,0.00%
SINSKI,2020,6,0.00%
SUMOTO,2022,6,0.00%
SUPERMOTO,2021,6,0.00%
SWITCH,2022,6,0.00%
TAM,2018,6,0.00%
TAM,2019,6,0.00%
TAM,2021,6,0.00%
TIPPEN DELTA,2022,6,0.00%
TROMOX,2021,6,0.00%
UAZ,2019,6,0.00%
VALPADANA,2020,6,0.00%
VDL BOVA,2020,6,0.00%
VERTEMATI,2018,6,0.00%
YIBEN MEIDUO,2022,6,0.00%
AIE,2018,5,0.00%
AIE,2019,5,0.00%
AIE,2020,5,0.00%
ATALA,2020,5,0.00%
AVANTI,2021,5,0.00%
AVANTI,2022,5,0.00%
AXR,2018,5,0.00%
BRA,2019,5,0.00%
BRITISH TRACKSTAR,2022,5,0.00%
CENNTRO,2022,5,0.00%
CHUNLAN,2022,5,0.00%
DAJIANG,2022,5,0.00%
DAYUN,2022,5,0.00%
DIAMOND,2019,5,0.00%
EAGLE,2018,5,0.00%
EOS,2019,5,0.00%
ERIK BUELL RACING,2018,5,0.00%
ERIK BUELL RACING,2019,5,0.00%
ETON,2019,5,0.00%
EUROTRAC,2018,5,0.00%
EUROTRAC,2019,5,0.00%
EUROTRAC,2020,5,0.00%
EUROTRAC,2021,5,0.00%
EVT,2019,5,0.00%
FARBOUD,2020,5,0.00%
FARBOUD,2021,5,0.00%
FEIYING,2021,5,0.00%
GEM,2018,5,0.00%
GOVECS,2018,5,0.00%
HAMMERHEAD,2018,5,0.00%
HAMMERHEAD,2020,5,0.00%
HAMMERHEAD,2022,5,0.00%
HIMO,2018,5,0.00%
HIMO,2019,5,0.00%
HIMO,2020,5,0.00%
HONGYI,2018,5,0.00%
HONGYI,2022,5,0.00%
HUASHA,2019,5,0.00%
HUASHA,2022,5,0.00%
IBC,2020,5,0.00%
KANUNI,2022,5,0.00%
KASEA,2018,5,0.00%
KASSBOHRER,2021,5,0.00%
KEEN,2022,5,0.00%
KINLON,2020,5,0.00%
KINLON,2022,5,0.00%
LEIKE,2018,5,0.00%
MOKE AUTOMIBILI,2018,5,0.00%
NECHT,2019,5,0.00%
NOBLE,2019,5,0.00%
PAXSTER,2021,5,0.00%
POCLAIN,2022,5,0.00%
PS MOTOR MANET,2019,5,0.00%
SANYANG,2019,5,0.00%
SAXON,2020,5,0.00%
SAXON,2022,5,0.00%
SHENKE,2021,5,0.00%
SINSKI,2018,5,0.00%
SKYWING,2020,5,0.00%
STUART TAYLOR,2022,5,0.00%
SUPERMOTO,2020,5,0.00%
TAISHAN,2021,5,0.00%
TAM,2022,5,0.00%
TIPPEN DELTA,2020,5,0.00%
TIPPEN DELTA,2021,5,0.00%
TORROT,2022,5,0.00%
UAZ,2020,5,0.00%
VALPADANA,2019,5,0.00%
VALPADANA,2022,5,0.00%
VENTURI,2018,5,0.00%
ADDAX,2022,4,0.00%
AIE,2021,4,0.00%
APEX,2021,4,0.00%
APEX,2022,4,0.00%
ASQUITH,2019,4,0.00%
ASQUITH,2022,4,0.00%
ATALA,2018,4,0.00%
AXR,2019,4,0.00%
BARONI,2020,4,0.00%
BRA,2018,4,0.00%
BRITISH TRACKSTAR,2018,4,0.00%
BRITISH TRACKSTAR,2021,4,0.00%
CSR,2018,4,0.00%
CSR,2020,4,0.00%
DAIMLER CHRYSLER,2019,4,0.00%
DAX,2018,4,0.00%
DAX,2021,4,0.00%
DAYANG,2021,4,0.00%
DIRT PRO,2021,4,0.00%
DOOHAN,2020,4,0.00%
ECO NECO,2020,4,0.00%
EGO,2020,4,0.00%
EGO,2021,4,0.00%
EGO,2022,4,0.00%
EUROTRAC,2022,4,0.00%
FACTORY,2018,4,0.00%
FARBOUD,2019,4,0.00%
FARBOUD,2022,4,0.00%
HERCHE,2021,4,0.00%
HERCHE,2022,4,0.00%
HIGER,2021,4,0.00%
HIGER,2022,4,0.00%
HONGYI,2020,4,0.00%
HOUSEHAM,2021,4,0.00%
IBC,2018,4,0.00%
IBC,2022,4,0.00%
JAGUAR LAND ROVER,2018,4,0.00%
JAGUAR LAND ROVER,2019,4,0.00%
JAGUAR LAND ROVER,2020,4,0.00%
JAGUAR LAND ROVER,2021,4,0.00%
JAGUAR LAND ROVER,2022,4,0.00%
JAXIN,2022,4,0.00%
JIANGLING,2020,4,0.00%
JORDAN,2018,4,0.00%
JORDAN,2019,4,0.00%
JORDAN,2021,4,0.00%
JORDAN,2022,4,0.00%
KANGDA,2018,4,0.00%
KINLON,2021,4,0.00%
LEIKE,2020,4,0.00%
LONSDALE,2018,4,0.00%
LONSDALE,2019,4,0.00%
MANET,2020,4,0.00%
MARTIN CONQUEST,2019,4,0.00%
MARTIN CONQUEST,2020,4,0.00%
MEGELLI,2022,4,0.00%
NECHT,2020,4,0.00%
NOBLE,2020,4,0.00%
OVER,2019,4,0.00%
OVER,2020,4,0.00%
OVER,2021,4,0.00%
OVER,2022,4,0.00%
PEGASO,2019,4,0.00%
PEGASO,2021,4,0.00%
PS MOTOR MANET,2020,4,0.00%
SAITING,2018,4,0.00%
SANLI,2019,4,0.00%
SANYANG,2022,4,0.00%
SFMM,2021,4,0.00%
SHENKE,2020,4,0.00%
SUPERMOTO,2019,4,0.00%
TEC,2018,4,0.00%
TIPPEN DELTA,2018,4,0.00%
TIPPEN DELTA,2019,4,0.00%
UGBEST,2022,4,0.00%
VALPADANA,2021,4,0.00%
VENTURI,2019,4,0.00%
VERTEMATI,2019,4,0.00%
VERTEMATI,2022,4,0.00%
VOLVO TRUCKS,2018,4,0.00%
VOLVO TRUCKS,2019,4,0.00%
VOLVO TRUCKS,2020,4,0.00%
WARRIOR,2021,4,0.00%
YUAN,2022,4,0.00%
ZENNCO,2019,4,0.00%
ZENNCO,2020,4,0.00%
AGCO ALLIS,2018,3,0.00%
AGCO ALLIS,2019,3,0.00%
AGCO ALLIS,2020,3,0.00%
AIE,2022,3,0.00%
ARRIVAL,2021,3,0.00%
ASQUITH,2018,3,0.00%
BARON,2019,3,0.00%
BARONI,2019,3,0.00%
BARONI,2021,3,0.00%
BLUESHARK,2022,3,0.00%
CSR,2019,3,0.00%
CSR,2022,3,0.00%
DAIMLER CHRYSLER,2018,3,0.00%
DAX,2020,3,0.00%
DAX,2022,3,0.00%
DIRT PRO,2019,3,0.00%
DIRT PRO,2022,3,0.00%
DOOHAN,2019,3,0.00%
DOOHAN,2021,3,0.00%
ECO,2018,3,0.00%
ECO,2019,3,0.00%
ECO NECO,2021,3,0.00%
ECO NECO,2022,3,0.00%
ERIK BUELL RACING,2020,3,0.00%
FEIYING,2022,3,0.00%
GAMAX,2020,3,0.00%
GEELY,2018,3,0.00%
GEM,2020,3,0.00%
GSMOON,2021,3,0.00%
HAMMERHEAD,2019,3,0.00%
HARDI,2021,3,0.00%
HARDI,2022,3,0.00%
HIMO,2021,3,0.00%
HIMO,2022,3,0.00%
IBC,2021,3,0.00%
JAXIN,2020,3,0.00%
JAXIN,2021,3,0.00%
JCM,2021,3,0.00%
JORDAN,2020,3,0.00%
KASEA,2022,3,0.00%
KINGTON,2018,3,0.00%
KINLON,2018,3,0.00%
LEIKE,2019,3,0.00%
LEIKE,2021,3,0.00%
LONSDALE,2020,3,0.00%
LONSDALE,2021,3,0.00%
MANET,2018,3,0.00%
MK SPORTSCARS,2019,3,0.00%
MK SPORTSCARS,2020,3,0.00%
MK SPORTSCARS,2021,3,0.00%
MOTOMEL,2018,3,0.00%
MOTOMEL,2021,3,0.00%
MOTRON,2022,3,0.00%
NOBLE,2022,3,0.00%
NOBLE AUTOMOTIVE,2018,3,0.00%
NORTON VILLIERS,2018,3,0.00%
NORTON VILLIERS,2021,3,0.00%
PEGASO,2020,3,0.00%
PEGASO,2022,3,0.00%
PLAXTON,2018,3,0.00%
PRAGA,2021,3,0.00%
PRAGA,2022,3,0.00%
RENEGADE,2018,3,0.00%
RENEGADE,2021,3,0.00%
SAITING,2020,3,0.00%
SFMM,2019,3,0.00%
SFMM,2020,3,0.00%
SFMM,2022,3,0.00%
SHENKE,2022,3,0.00%
SINSKI,2022,3,0.00%
SWAP,2018,3,0.00%
TEC,2019,3,0.00%
TEC,2021,3,0.00%
TIGER,2019,3,0.00%
UGBEST,2021,3,0.00%
VENTURI,2020,3,0.00%
VERTEMATI,2020,3,0.00%
VOLVO BUS,2020,3,0.00%
VOLVO BUS,2021,3,0.00%
VOLVO BUS,2022,3,0.00%
VOR,2019,3,0.00%
VOR,2020,3,0.00%
VOXAN,2020,3,0.00%
WARRIOR,2019,3,0.00%
WARRIOR,2020,3,0.00%
YINHUA,2018,3,0.00%
ZENNCO,2021,3,0.00%
ZENNCO,2022,3,0.00%
AGCO ALLIS,2021,2,0.00%
AGCO ALLIS,2022,2,0.00%
APEX,2018,2,0.00%
APEX,2019,2,0.00%
APEX,2020,2,0.00%
ARO,2022,2,0.00%
ASQUITH,2020,2,0.00%
ASQUITH,2021,2,0.00%
ATALA,2019,2,0.00%
AXR,2020,2,0.00%
AXR,2022,2,0.00%
BARON,2018,2,0.00%
BARON,2020,2,0.00%
BARON,2022,2,0.00%
CCS,2020,2,0.00%
CENNTRO,2021,2,0.00%
CHANG MING,2020,2,0.00%
CHANG MING,2021,2,0.00%
CHANG MING,2022,2,0.00%
DAIMLER CHRYSLER,2020,2,0.00%
DAIMLER CHRYSLER,2021,2,0.00%
DAX,2019,2,0.00%
DAYANG,2020,2,0.00%
DOOHAN,2018,2,0.00%
DOOHAN,2022,2,0.00%
ECO,2020,2,0.00%
EGO,2018,2,0.00%
EGO,2019,2,0.00%
EOS,2021,2,0.00%
ERIK BUELL RACING,2021,2,0.00%
ETON,2020,2,0.00%
ETON,2021,2,0.00%
ETON,2022,2,0.00%
FUJI HEAVY IND,2022,2,0.00%
GAMAX,2019,2,0.00%
GEHL,2022,2,0.00%
GEM,2019,2,0.00%
GEM,2021,2,0.00%
GEM,2022,2,0.00%
GOODYEAR,2018,2,0.00%
GOODYEAR,2019,2,0.00%
GOODYEAR,2020,2,0.00%
GOODYEAR,2022,2,0.00%
GORDON MURRAY,2020,2,0.00%
GSMOON,2022,2,0.00%
HC&E HOMOLOGATION,2020,2,0.00%
HC&E HOMOLOGATION,2021,2,0.00%
HC&E HOMOLOGATION,2022,2,0.00%
IM GROUP,2020,2,0.00%
IM GROUP,2021,2,0.00%
IM GROUP,2022,2,0.00%
JAXIN,2018,2,0.00%
JCM,2018,2,0.00%
JCM,2019,2,0.00%
JCM,2020,2,0.00%
JIANGLING,2021,2,0.00%
KANGDA,2019,2,0.00%
KANGDA,2020,2,0.00%
KARMANN,2021,2,0.00%
KARMANN,2022,2,0.00%
KASEA,2019,2,0.00%
KASEA,2021,2,0.00%
KASSBOHRER,2020,2,0.00%
KINGTON,2021,2,0.00%
KINLON,2019,2,0.00%
KOLLTER,2021,2,0.00%
LMX BIKES,2021,2,0.00%
LMX BIKES,2022,2,0.00%
LONSDALE,2022,2,0.00%
LTI CARBODIES,2018,2,0.00%
LTI CARBODIES,2019,2,0.00%
LTI CARBODIES,2020,2,0.00%
LTI CARBODIES,2021,2,0.00%
LUCKY,2020,2,0.00%
MANET,2021,2,0.00%
MANET,2022,2,0.00%
MARTIN CONQUEST,2021,2,0.00%
MARTIN CONQUEST,2022,2,0.00%
MASAI,2022,2,0.00%
MIG,2018,2,0.00%
MIG,2020,2,0.00%
MK SPORTSCARS,2018,2,0.00%
MONIKA,2018,2,0.00%
MONIKA,2021,2,0.00%
MOTOMEL,2019,2,0.00%
MOTOMEL,2020,2,0.00%
MOTOMEL,2022,2,0.00%
MOTRON,2021,2,0.00%
NECHT,2021,2,0.00%
NECHT,2022,2,0.00%
NOBLE AUTOMOTIVE,2020,2,0.00%
NORTON VILLIERS,2020,2,0.00%
NORTON VILLIERS,2022,2,0.00%
PEGASO,2018,2,0.00%
PILGRIM,2018,2,0.00%
PILGRIM,2019,2,0.00%
PILGRIM,2020,2,0.00%
PLAXTON,2019,2,0.00%
PLAXTON,2021,2,0.00%
PLAXTON,2022,2,0.00%
PRAGA,2018,2,0.00%
QWIC,2022,2,0.00%
RAIDER,2018,2,0.00%
RAIDER,2019,2,0.00%
RAIDER,2020,2,0.00%
RAIDER,2021,2,0.00%
RENEGADE,2020,2,0.00%
RENEGADE,2022,2,0.00%
ROVIGO,2018,2,0.00%
RUF,2019,2,0.00%
RUF,2020,2,0.00%
RUF,2022,2,0.00%
SAITING,2019,2,0.00%
SAITING,2022,2,0.00%
SANLI,2018,2,0.00%
SFMM,2018,2,0.00%
SPYKER,2018,2,0.00%
SPYKER,2019,2,0.00%
STRATHCARRON,2018,2,0.00%
SWAP,2022,2,0.00%
TEC,2020,2,0.00%
TEC,2022,2,0.00%
TIGER,2018,2,0.00%
TIGER,2021,2,0.00%
TIGER,2022,2,0.00%
UNI CARRIERS,2021,2,0.00%
UVM,2019,2,0.00%
VENTURI,2021,2,0.00%
VENTURI,2022,2,0.00%
VERTEMATI,2021,2,0.00%
VOLVO BUS,2018,2,0.00%
VOLVO BUS,2019,2,0.00%
VOLVO TRUCKS,2021,2,0.00%
VOXAN,2018,2,0.00%
VOXAN,2019,2,0.00%
VOXAN,2021,2,0.00%
WARRIOR,2018,2,0.00%
WARRIOR,2022,2,0.00%
WHITBY MORRISON,2018,2,0.00%
WHITBY MORRISON,2019,2,0.00%
WHITBY MORRISON,2020,2,0.00%
WHITBY MORRISON,2021,2,0.00%
WHITBY MORRISON,2022,2,0.00%
WIESMANN,2018,2,0.00%
WIESMANN,2021,2,0.00%
XINTIAN,2018,2,0.00%
YAMOTO,2018,2,0.00%
YAMOTO,2019,2,0.00%
YAMOTO,2020,2,0.00%
YAMOTO,2021,2,0.00%
YAMOTO,2022,2,0.00%
YINHUA,2019,2,0.00%
YINHUA,2021,2,0.00%
YINHUA,2022,2,0.00%
ALFER,2018,1,0.00%
ALFER,2019,1,0.00%
ALFER,2020,1,0.00%
ALFER,2021,1,0.00%
ARO,2018,1,0.00%
ARO,2019,1,0.00%
ARO,2020,1,0.00%
ARO,2021,1,0.00%
AXR,2021,1,0.00%
BABETTA,2018,1,0.00%
BABETTA,2019,1,0.00%
BABETTA,2020,1,0.00%
BABETTA,2021,1,0.00%
BABETTA,2022,1,0.00%
BAIMO,2021,1,0.00%
BAIMO,2022,1,0.00%
BARON,2021,1,0.00%
BEAUFORD,2018,1,0.00%
BEAUFORD,2019,1,0.00%
BRABUS,2018,1,0.00%
BRABUS,2019,1,0.00%
BRABUS,2020,1,0.00%
BRABUS,2021,1,0.00%
BRONTO,2018,1,0.00%
BRONTO,2019,1,0.00%
BRONTO,2020,1,0.00%
BRONTO,2021,1,0.00%
BRONTO,2022,1,0.00%
BULLIT MOTORCYCLES,2020,1,0.00%
CAMI,2018,1,0.00%
CCS,2019,1,0.00%
CELCO PROFIL,2018,1,0.00%
CELCO PROFIL,2019,1,0.00%
CELCO PROFIL,2020,1,0.00%
CELCO PROFIL,2022,1,0.00%
CHANG MING,2018,1,0.00%
CHANG MING,2019,1,0.00%
CHARGE,2022,1,0.00%
CHUANL,2018,1,0.00%
CHUANL,2019,1,0.00%
CHUANL,2020,1,0.00%
CHUANL,2021,1,0.00%
CKR,2018,1,0.00%
CKR,2019,1,0.00%
CKR,2020,1,0.00%
CKR,2021,1,0.00%
CKR,2022,1,0.00%
CSR,2021,1,0.00%
DAIFO,2022,1,0.00%
DAIMLER CHRYSLER,2022,1,0.00%
DAYANG,2022,1,0.00%
DAYI MOTOR,2021,1,0.00%
DIRT PRO,2018,1,0.00%
ECO,2021,1,0.00%
ECO,2022,1,0.00%
ECO NECO,2019,1,0.00%
EOS,2022,1,0.00%
EPC,2018,1,0.00%
EPC,2019,1,0.00%
EPC,2020,1,0.00%
EPC,2022,1,0.00%
ETRUSCO,2019,1,0.00%
EUROLINER,2018,1,0.00%
FUJI HEAVY IND,2020,1,0.00%
FUJI HEAVY IND,2021,1,0.00%
FUTONG,2018,1,0.00%
GAMAX,2021,1,0.00%
GAMAX,2022,1,0.00%
GEHL,2021,1,0.00%
GIBBS TECHNOLOGIES,2018,1,0.00%
GM ITALIA,2019,1,0.00%
GM ITALIA,2021,1,0.00%
GM ITALIA,2022,1,0.00%
GOODYEAR,2021,1,0.00%
GORDON MURRAY,2018,1,0.00%
GORDON MURRAY,2019,1,0.00%
GORDON MURRAY,2022,1,0.00%
GWM,2018,1,0.00%
GWM,2019,1,0.00%
GWM,2020,1,0.00%
GWM,2021,1,0.00%
GWM,2022,1,0.00%
HARDI,2019,1,0.00%
HARDI,2020,1,0.00%
HC&E HOMOLOGATION,2019,1,0.00%
HOHENESTER,2022,1,0.00%
HONGYAN,2018,1,0.00%
HONGYAN,2019,1,0.00%
HONGYAN,2022,1,0.00%
IM GROUP,2018,1,0.00%
IM GROUP,2019,1,0.00%
JIANGLING,2022,1,0.00%
JLG,2021,1,0.00%
JLG,2022,1,0.00%
KANGDA,2021,1,0.00%
KARMANN,2018,1,0.00%
KARMANN,2019,1,0.00%
KARMANN,2020,1,0.00%
KASEA,2020,1,0.00%
KAWATA,2018,1,0.00%
KAWATA,2020,1,0.00%
KINGTON,2019,1,0.00%
KINGTON,2020,1,0.00%
KOLLTER,2020,1,0.00%
KOLLTER,2022,1,0.00%
LDV LIMITED,2018,1,0.00%
LDV LIMITED,2019,1,0.00%
LDV LIMITED,2020,1,0.00%
LEIKE,2022,1,0.00%
LMX BIKES,2020,1,0.00%
LTI CARBODIES,2022,1,0.00%
LUCKY,2019,1,0.00%
LUCKY,2021,1,0.00%
LUEGO,2018,1,0.00%
LUEGO,2019,1,0.00%
LUEGO,2021,1,0.00%
MAGYAR SUZUKI,2018,1,0.00%
MAKE MISSING,2018,1,0.00%
MAKE MISSING,2019,1,0.00%
MAKE MISSING,2020,1,0.00%
MAKE MISSING,2021,1,0.00%
MAKE MISSING,2022,1,0.00%
MASAI,2019,1,0.00%
MIG,2019,1,0.00%
MIG,2021,1,0.00%
MIG,2022,1,0.00%
MK SPORTSCARS,2022,1,0.00%
MONIKA,2019,1,0.00%
MONIKA,2020,1,0.00%
MONIKA,2022,1,0.00%
MOTO AUPA,2021,1,0.00%
MOTO AUPA,2022,1,0.00%
MOTOR JIKOV,2018,1,0.00%
MOTOR JIKOV,2022,1,0.00%
MOTRON,2018,1,0.00%
MOTRON,2019,1,0.00%
MOTRON,2020,1,0.00%
NILSSON,2018,1,0.00%
NILSSON,2019,1,0.00%
NILSSON,2020,1,0.00%
NILSSON,2021,1,0.00%
NILSSON,2022,1,0.00%
NOBLE AUTOMOTIVE,2019,1,0.00%
NOBLE AUTOMOTIVE,2021,1,0.00%
OXYGEN,2020,1,0.00%
OXYGEN,2021,1,0.00%
OXYGEN,2022,1,0.00%
PENTA,2018,1,0.00%
PENTA,2019,1,0.00%
PENTA,2020,1,0.00%
PENTA,2021,1,0.00%
PENTA,2022,1,0.00%
PILGRIM,2021,1,0.00%
PILGRIM,2022,1,0.00%
PLA,2022,1,0.00%
PRAGA,2019,1,0.00%
PRAGA,2020,1,0.00%
QWIC,2021,1,0.00%
RAIDER,2022,1,0.00%
RAVO,2022,1,0.00%
RENEGADE,2019,1,0.00%
ROBIN HOOD,2018,1,0.00%
ROBIN HOOD,2019,1,0.00%
ROBIN HOOD,2020,1,0.00%
ROBIN HOOD,2021,1,0.00%
ROBIN HOOD,2022,1,0.00%
ROVIGO,2022,1,0.00%
RUF,2018,1,0.00%
RUF,2021,1,0.00%
SAIC,2022,1,0.00%
SAITING,2021,1,0.00%
SAN,2022,1,0.00%
SANILI,2018,1,0.00%
SANLI,2020,1,0.00%
SANLI,2021,1,0.00%
SANLI,2022,1,0.00%
SAO,2018,1,0.00%
SAO,2019,1,0.00%
SATURN,2018,1,0.00%
SINSKI,2019,1,0.00%
SINSKI,2021,1,0.00%
SPYKER,2020,1,0.00%
STRATHCARRON,2019,1,0.00%
SUNDIRO,2020,1,0.00%
SUNDIRO,2022,1,0.00%
SWAP,2019,1,0.00%
SWAP,2020,1,0.00%
TAM,2020,1,0.00%
TAYAKO,2021,1,0.00%
TAYAKO,2022,1,0.00%
THINK,2018,1,0.00%
THINK GLOBAL,2018,1,0.00%
THINK GLOBAL,2019,1,0.00%
TIANYING,2018,1,0.00%
TIANYING,2019,1,0.00%
TIANYING,2021,1,0.00%
TIANYING,2022,1,0.00%
TIGER,2020,1,0.00%
UVM,2018,1,0.00%
UVM,2020,1,0.00%
UVM,2022,1,0.00%
VICON,2018,1,0.00%
VICON,2019,1,0.00%
VICON,2020,1,0.00%
VICON,2021,1,0.00%
VICON,2022,1,0.00%
VINTAGE,2018,1,0.00%
VINTAGE,2019,1,0.00%
VINTAGE,2020,1,0.00%
VINTAGE,2021,1,0.00%
VONROAD,2018,1,0.00%
VOR,2021,1,0.00%
VOR,2022,1,0.00%
VOXAN,2022,1,0.00%
WIESMANN,2020,1,0.00%
WIESMANN,2022,1,0.00%
WINGATE + ROGERS,2018,1,0.00%
WINGATE + ROGERS,2019,1,0.00%
WINGATE + ROGERS,2020,1,0.00%
WINGATE + ROGERS,2021,1,0.00%
WINGATE + ROGERS,2022,1,0.00%
XINTIAN,2019,1,0.00%
XINTIAN,2020,1,0.00%
YAMATI,2022,1,0.00%
YINHUA,2020,1,0.00%
ZAP,2022,1,0.00%
ZHONGHUA,2018,1,0.00%
ZHONGHUA,2019,1,0.00%
